source_url,job_link
https://careers.airbnb.com/positions/,https://careers.airbnb.com/positions/7634722/
https://careers.airbnb.com/positions/,https://careers.airbnb.com/positions/7540205/
https://careers.airbnb.com/positions/,https://careers.airbnb.com/positions/7563987/
https://careers.airbnb.com/positions/,https://careers.airbnb.com/positions/7541082/
https://careers.airbnb.com/positions/,https://careers.airbnb.com/positions/7707299/
https://careers.airbnb.com/positions/,https://careers.airbnb.com/positions/#non-permanent-contractor
https://careers.airbnb.com/positions/,https://careers.airbnb.com/positions/7649441/
https://careers.airbnb.com/positions/,https://careers.airbnb.com/fr/positions/
https://careers.airbnb.com/positions/,https://careers.airbnb.com/positions/
https://careers.airbnb.com/positions/,https://careers.airbnb.com/positions/7738432/
https://careers.airbnb.com/positions/,https://careers.airbnb.com/positions/#main-content
https://careers.airbnb.com/positions/,https://careers.airbnb.com/positions/7634675/
https://careers.airbnb.com/positions/,https://careers.airbnb.com/positions/7732569/
https://careers.airbnb.com/positions/,https://careers.airbnb.com/positions/7662483/
https://stripe.com/jobs/search,https://stripe.com/jobs/listing/account-executive-ai-sales/7546284
https://stripe.com/jobs/search,https://stripe.com/jobs/listing/backend-engineer-data/6865161
https://stripe.com/jobs/search,https://stripe.com/pt-pt/jobs/search
https://stripe.com/jobs/search,https://stripe.com/jobs/listing/account-executive-funded-startups-french/7686224
https://stripe.com/jobs/search,https://stripe.com/en-no/jobs/search
https://stripe.com/jobs/search,https://stripe.com/es/jobs/search
https://stripe.com/jobs/search,https://stripe.com/jobs/listing/administrative-coordinator/7434713
https://stripe.com/jobs/search,https://stripe.com/jobs/listing/account-executive-enterprise-hunter/7458833
https://stripe.com/jobs/search,https://stripe.com/en-fi/jobs/search
https://stripe.com/jobs/search,https://stripe.com/en-hu/jobs/search
https://stripe.com/jobs/search,https://stripe.com/en-lt/jobs/search
https://stripe.com/jobs/search,https://stripe.com/jobs/listing/account-executive-existing-business-iberia/7553751
https://stripe.com/jobs/search,https://stripe.com/jobs/listing/android-engineer-terminal-os-platform/7557403
https://stripe.com/jobs/search,https://stripe.com/en-mx/jobs/search
https://stripe.com/jobs/search,https://stripe.com/gb/jobs/search
https://stripe.com/jobs/search,https://stripe.com/jobs/search?skip=400
https://stripe.com/jobs/search,https://stripe.com/jobs/listing/backend-engineer-core-technology/6623777
https://stripe.com/jobs/search,https://stripe.com/en-ch/jobs/search
https://stripe.com/jobs/search,https://stripe.com/jobs/listing/apac-product-lead/7552145
https://stripe.com/jobs/search,https://stripe.com/en-hk/jobs/search
https://stripe.com/jobs/search,https://stripe.com/jobs/listing/account-executive-startup-saas-platforms-existing-business/7451383
https://stripe.com/jobs/search,https://stripe.com/fr-be/jobs/search
https://stripe.com/jobs/search,https://stripe.com/sv-fi/jobs/search
https://stripe.com/jobs/search,https://stripe.com/en-ca/jobs/search
https://stripe.com/jobs/search,https://stripe.com/en-nl/jobs/search
https://stripe.com/jobs/search,https://stripe.com/jobs/listing/backend-engineer-forward-deployed-engineering/7249744
https://stripe.com/jobs/search,https://stripe.com/fr-ch/jobs/search
https://stripe.com/jobs/search,https://stripe.com/zh-my/jobs/search
https://stripe.com/jobs/search,https://stripe.com/jobs/listing/accounts-receivable-analyst/7369428
https://stripe.com/jobs/search,https://stripe.com/en-hr/jobs/search
https://stripe.com/jobs/search,https://stripe.com/jobs/listing/account-executive-enterprise-hunter-japan/7528816
https://stripe.com/jobs/search,https://stripe.com/jobs/listing/backend-api-engineer-privacy-products/7579264
https://stripe.com/jobs/search,https://stripe.com/jobs/listing/account-executive-enterprise-germany/7539429
https://stripe.com/jobs/search,https://stripe.com/en-si/jobs/search
https://stripe.com/jobs/search,https://stripe.com/jobs/listing/account-executive-ai-sales/7532733
https://stripe.com/jobs/search,https://stripe.com/jobs/listing/av-builds-and-operations/7555995
https://stripe.com/jobs/search,https://stripe.com/au/jobs/search
https://stripe.com/jobs/search,https://stripe.com/jobs/listing/account-executive-hunter-uk-enterprise-retail/7451366
https://stripe.com/jobs/search,https://stripe.com/jobs/search?tags=Privy
https://stripe.com/jobs/search,https://stripe.com/jobs/listing/account-executive-smb-existing-business/7140002
https://stripe.com/jobs/search,https://stripe.com/de-li/jobs/search
https://stripe.com/jobs/search,https://stripe.com/jobs/life-at-stripe
https://stripe.com/jobs/search,https://stripe.com/jobs/listing/backend-engineer-payments-and-risk/7232592
https://stripe.com/jobs/search,https://stripe.com/jobs/listing/backend-engineer-api-payments-and-risk/4921361
https://stripe.com/jobs/search,https://stripe.com/jobs/listing/account-executive-platforms-grower/7577015
https://stripe.com/jobs/search,https://stripe.com/it-ch/jobs/search
https://stripe.com/jobs/search,https://stripe.com/en-my/jobs/search
https://stripe.com/jobs/search,https://stripe.com/en-ee/jobs/search
https://stripe.com/jobs/search,https://stripe.com/en-sk/jobs/search
https://stripe.com/jobs/search,https://stripe.com/nl/jobs/search
https://stripe.com/jobs/search,https://stripe.com/in/jobs/search
https://stripe.com/jobs/search,https://stripe.com/en-fr/jobs/search
https://stripe.com/jobs/search,https://stripe.com/zh-sg/jobs/search
https://stripe.com/jobs/search,https://stripe.com/jobs/listing/account-executive-product-bnpls/7536063
https://stripe.com/jobs/search,https://stripe.com/jobs/listing/av-builds-and-operations/7675097
https://stripe.com/jobs/search,https://stripe.com/jobs/listing/backend-engineer-developer-experience-product-platform/7292520
https://stripe.com/jobs/search,https://stripe.com/jobs/search?skip=100
https://stripe.com/jobs/search,https://stripe.com/en-ro/jobs/search
https://stripe.com/jobs/search,https://stripe.com/jobs/listing/av-builds-and-operations/7657130
https://stripe.com/jobs/search,https://stripe.com/en-jp/jobs/search
https://stripe.com/jobs/search,https://stripe.com/jobs/search#
https://stripe.com/jobs/search,https://stripe.com/en-bg/jobs/search
https://stripe.com/jobs/search,https://stripe.com/en-br/jobs/search
https://stripe.com/jobs/search,https://stripe.com/ie/jobs/search
https://stripe.com/jobs/search,https://stripe.com/br/jobs/search
https://stripe.com/jobs/search,https://stripe.com/en-sg/jobs/search
https://stripe.com/jobs/search,https://stripe.com/de-ch/jobs/search
https://stripe.com/jobs/search,https://stripe.com/jobs/listing/account-manager-scale-bridge/7545600
https://stripe.com/jobs/search,https://stripe.com/jobs/search?skip=300
https://stripe.com/jobs/search,https://stripe.com/jobs/benefits
https://stripe.com/jobs/search,https://stripe.com/jobs/listing/account-executive-cee-existing-business/7429465
https://stripe.com/jobs/search,https://stripe.com/fr-lu/jobs/search
https://stripe.com/jobs/search,https://stripe.com/jobs/listing/account-executive-platforms-grower/7446841
https://stripe.com/jobs/search,https://stripe.com/fr/jobs/search
https://stripe.com/jobs/search,https://stripe.com/de-lu/jobs/search
https://stripe.com/jobs/search,https://stripe.com/jobs/listing/account-executive-velocity-grower-japanese-speaking/7364278
https://stripe.com/jobs/search,https://stripe.com/nl-be/jobs/search
https://stripe.com/jobs/search,https://stripe.com/nz/jobs/search
https://stripe.com/jobs/search,https://stripe.com/jobs/listing/administrative-business-partner/7680368
https://stripe.com/jobs/search,https://stripe.com/jobs/listing/account-executive-enterprise-existing-business/6755272
https://stripe.com/jobs/search,https://stripe.com/at/jobs/search
https://stripe.com/jobs/search,https://stripe.com/jobs/listing/account-executive-mid-market-existing-business/7483552
https://stripe.com/jobs/search,https://stripe.com/mx/jobs/search
https://stripe.com/jobs/search,https://stripe.com/en-be/jobs/search
https://stripe.com/jobs/search,https://stripe.com/zh-us/jobs/search
https://stripe.com/jobs/search,https://stripe.com/jobs/listing/backend-engineer-core-tech-canada/6567253
https://stripe.com/jobs/search,https://stripe.com/jobs/listing/account-executive-platforms-strategics/7604080
https://stripe.com/jobs/search,https://stripe.com/en-at/jobs/search
https://stripe.com/jobs/search,https://stripe.com/jp/jobs/search
https://stripe.com/jobs/search,https://stripe.com/en-gi/jobs/search
https://stripe.com/jobs/search,https://stripe.com/jobs/search?tags=Bridge
https://stripe.com/jobs/search,https://stripe.com/jobs/listing/backend-engineer-billing-tax/7217048
https://stripe.com/jobs/search,https://stripe.com/en-mt/jobs/search
https://stripe.com/jobs/search,https://stripe.com/en-de/jobs/search
https://stripe.com/jobs/search,https://stripe.com/jobs/listing/account-executive-product-sales-capital/7728365
https://stripe.com/jobs/search,https://stripe.com/jobs/listing/affiliate-services-licensing-specialist-regulatory-affairs-noram/7695357
https://stripe.com/jobs/search,https://stripe.com/th/jobs/search
https://stripe.com/jobs/search,https://stripe.com/jobs/listing/account-executive-product-sales-optimized-checkout/7455982
https://stripe.com/jobs/search,https://stripe.com/en-li/jobs/search
https://stripe.com/jobs/search,https://stripe.com/jobs/listing/account-executive-iberia/7394627
https://stripe.com/jobs/search,https://stripe.com/zh-hk/jobs/search
https://stripe.com/jobs/search,https://stripe.com/it/jobs/search
https://stripe.com/jobs/search,https://stripe.com/jobs/listing/amer-partner-marketing-lead/7605231
https://stripe.com/jobs/search,https://stripe.com/jobs/listing/ai-solutions-developer-finance/7646513
https://stripe.com/jobs/search,https://stripe.com/jobs/listing/account-executive-bridge/7547809
https://stripe.com/jobs/search,https://stripe.com/en-se/jobs/search
https://stripe.com/jobs/search,https://stripe.com/en-es/jobs/search
https://stripe.com/jobs/search,https://stripe.com/jobs/listing/account-executive-product-bnpls/7675661
https://stripe.com/jobs/search,https://stripe.com/ae/jobs/search
https://stripe.com/jobs/search,https://stripe.com/en-pl/jobs/search
https://stripe.com/jobs/search,https://stripe.com/jobs/listing/account-executive-marketplace/7542218
https://stripe.com/jobs/search,https://stripe.com/es-us/jobs/search
https://stripe.com/jobs/search,https://stripe.com/jobs/search?skip=900
https://stripe.com/jobs/search,https://stripe.com/jobs/listing/android-engineer-terminal/7543559
https://stripe.com/jobs/search,https://stripe.com/jobs/search?skip=200
https://stripe.com/jobs/search,https://stripe.com/jobs/listing/account-executive-startup-platforms-existing-business/7339700
https://stripe.com/jobs/search,https://stripe.com/en-cz/jobs/search
https://stripe.com/jobs/search,https://stripe.com/fr-ca/jobs/search
https://stripe.com/jobs/search,https://stripe.com/jobs/search
https://stripe.com/jobs/search,https://stripe.com/jobs/listing/account-executive-enterprise-billing-existing-business/7490597
https://stripe.com/jobs/search,https://stripe.com/jobs/listing/backend-engineer-api-payments-and-risk/6692166
https://stripe.com/jobs/search,https://stripe.com/it-si/jobs/search
https://stripe.com/jobs/search,https://stripe.com/jobs/listing/ai-ml-engineering-manager-payment-intelligence/7286376
https://stripe.com/jobs/search,https://stripe.com/jobs/listing/account-executive-product-sales-baas/7456716
https://stripe.com/jobs/search,https://stripe.com/en-lu/jobs/search
https://stripe.com/jobs/search,https://stripe.com/en-dk/jobs/search
https://stripe.com/jobs/search,https://stripe.com/de-be/jobs/search
https://stripe.com/jobs/search,https://stripe.com/de/jobs/search
https://stripe.com/jobs/search,https://stripe.com/jobs/listing/account-executive-enterprise-sao-paulo-brazil/7108249
https://stripe.com/jobs/search,https://stripe.com/jobs/listing/backend-engineer-core-technology/7182617
https://stripe.com/jobs/search,https://stripe.com/jobs/listing/account-executive-product-sales-billing/7393169
https://stripe.com/jobs/search,https://stripe.com/jobs/listing/account-executive-platforms-existing-business/7576967
https://stripe.com/jobs/search,https://stripe.com/se/jobs/search
https://stripe.com/jobs/search,https://stripe.com/jobs/listing/android-engineer-terminal-developer-productivity/7550154
https://stripe.com/jobs/search,https://stripe.com/jobs/listing/accounts-receivable-manager/7118945
https://stripe.com/jobs/search,https://stripe.com/jobs/university
https://stripe.com/jobs/search,https://stripe.com/jobs/listing/account-executive-product-sales-billing/7393167
https://stripe.com/jobs/search,https://stripe.com/en-pt/jobs/search
https://stripe.com/jobs/search,https://stripe.com/jobs/listing/account-executive-smb-existing-business-french-speaking/7555127
https://stripe.com/jobs/search,https://stripe.com/en-cy/jobs/search
https://stripe.com/jobs/search,https://stripe.com/en-gr/jobs/search
https://stripe.com/jobs/search,https://stripe.com/jobs/listing/account-executive-product-sales-terminal/7528849
https://stripe.com/jobs/search,https://stripe.com/jobs/listing/account-executive-enterprise-nordics/7599457
https://stripe.com/jobs/search,https://stripe.com/en-lv/jobs/search
https://stripe.com/jobs/search,https://stripe.com/en-th/jobs/search
https://stripe.com/jobs/search,https://stripe.com/jobs/listing/account-executive-new-business-france/7242090
https://stripe.com/jobs/search,https://stripe.com/en-it/jobs/search
https://stripe.com/jobs/search,https://stripe.com/us/jobs/search
https://stripe.com/jobs/search,https://stripe.com/jobs/listing/backend-engineer-core-technology/6042172
https://stripe.com/jobs/search,https://stripe.com/jobs/search?skip=0
https://stripe.com/jobs/search,https://stripe.com/jobs/listing/account-executive-smb-aunz/7382687
https://stripe.com/jobs/search,https://stripe.com/it-hr/jobs/search
https://jobs.ashbyhq.com/openai,https://jobs.ashbyhq.com/openai/dde7aafb-fa52-4b14-b94f-1aa331b32fa6
https://jobs.ashbyhq.com/openai,https://jobs.ashbyhq.com/openai/efba7594-8f4b-476f-9235-3962c3e78aa4
https://jobs.ashbyhq.com/openai,https://jobs.ashbyhq.com/openai/85b0c026-ea2a-4467-8f1f-e8be94ddb6f7
https://jobs.ashbyhq.com/openai,https://jobs.ashbyhq.com/openai/1e110226-448a-4c0b-b0e4-d0f5df579fbf
https://jobs.ashbyhq.com/openai,https://jobs.ashbyhq.com/openai/130a5389-83e1-493f-9205-542d3ff53afb
https://jobs.ashbyhq.com/openai,https://jobs.ashbyhq.com/openai/778e3a4f-c318-4a79-a745-00e722e5ee47
https://jobs.ashbyhq.com/openai,https://jobs.ashbyhq.com/openai/565c001b-c164-477a-88a9-ce81e5e5480d
https://jobs.ashbyhq.com/openai,https://jobs.ashbyhq.com/openai/d5b65a7c-3294-453f-a674-4cb1c0e2aaa7
https://jobs.ashbyhq.com/openai,https://jobs.ashbyhq.com/openai/986732f2-56a0-44ca-9030-a7cdeccf9454
https://jobs.ashbyhq.com/openai,https://jobs.ashbyhq.com/openai/4f7ccd3c-0f85-4384-a310-d751993ed431
https://jobs.ashbyhq.com/openai,https://jobs.ashbyhq.com/openai/18f58952-c242-4562-8732-073a0ae8029e
https://jobs.ashbyhq.com/openai,https://jobs.ashbyhq.com/openai/c1cbfc05-b381-40c4-9c16-9ea2bea8bfc4
https://jobs.ashbyhq.com/openai,https://jobs.ashbyhq.com/openai/5a4d7213-561b-4bae-bdf7-031af0cb11ce
https://jobs.ashbyhq.com/openai,https://jobs.ashbyhq.com/openai/8fc7124f-6338-4ff5-93ec-c6050a31cb93
https://jobs.ashbyhq.com/openai,https://jobs.ashbyhq.com/openai/a10fac90-0639-4bfc-92b2-97b094f7edcb
https://jobs.ashbyhq.com/openai,https://jobs.ashbyhq.com/openai/1a979fd4-1bce-484e-a416-aed2810677a6
https://jobs.ashbyhq.com/openai,https://jobs.ashbyhq.com/openai/a19887d2-bbf8-42a5-b431-a2e16d8132c4
https://jobs.ashbyhq.com/openai,https://jobs.ashbyhq.com/openai/a6fdcc3b-e740-488c-ba1d-a166a0384057
https://jobs.ashbyhq.com/openai,https://jobs.ashbyhq.com/openai/8b0ac3a0-53ac-49e7-9030-85d9b73d1012
https://jobs.ashbyhq.com/openai,https://jobs.ashbyhq.com/openai/9708b52d-909d-4a3c-a21e-f8043c3679ce
https://jobs.ashbyhq.com/openai,https://jobs.ashbyhq.com/openai/b904267b-6320-4469-93ce-e74da6586e6a
https://jobs.ashbyhq.com/openai,https://jobs.ashbyhq.com/openai/10980026-e468-4516-958c-7c697793d1d4
https://jobs.ashbyhq.com/openai,https://jobs.ashbyhq.com/openai/0fc4742f-21f9-40a3-925e-adeb0a6920c1
https://jobs.ashbyhq.com/openai,https://jobs.ashbyhq.com/openai/3ea8b9e4-e193-4f0c-a4ba-2da65242df45
https://jobs.ashbyhq.com/openai,https://jobs.ashbyhq.com/openai/9f2e4897-be7d-40a1-804d-37e6608f506b
https://jobs.ashbyhq.com/openai,https://jobs.ashbyhq.com/openai/09253a0e-a2b8-49d1-80bb-6955ba3b08a3
https://jobs.ashbyhq.com/openai,https://jobs.ashbyhq.com/openai/0b57e309-426d-4f5c-a28c-6dd941b84703
https://jobs.ashbyhq.com/openai,https://jobs.ashbyhq.com/openai/020b2aae-8be0-408c-ab49-20eefa8541af
https://jobs.ashbyhq.com/openai,https://jobs.ashbyhq.com/openai/387e28ec-a4db-42da-9448-b6dbb7b13901
https://jobs.ashbyhq.com/openai,https://jobs.ashbyhq.com/openai/77b85828-3d4f-4958-b5cf-4787ca04975a
https://jobs.ashbyhq.com/openai,https://jobs.ashbyhq.com/openai/7b90b83c-ec28-4e65-a235-6675e37b91c3
https://jobs.ashbyhq.com/openai,https://jobs.ashbyhq.com/openai/1faee5e7-3b2f-4d8c-9a6f-ff0f2a4a42a7
https://jobs.ashbyhq.com/openai,https://jobs.ashbyhq.com/openai/26b7994e-6d80-45c1-b8c6-a675f2161fd9
https://jobs.ashbyhq.com/openai,https://jobs.ashbyhq.com/openai/3a368969-a1c9-49a1-aec5-98c9b12b0637
https://jobs.ashbyhq.com/openai,https://jobs.ashbyhq.com/openai/a7b192bf-3d2e-4acb-9c97-fad3de0609db
https://jobs.ashbyhq.com/openai,https://jobs.ashbyhq.com/openai/fc72784d-f925-4f8d-aebc-eee72e7bf55c
https://jobs.ashbyhq.com/openai,https://jobs.ashbyhq.com/openai/9b64afcc-c0e0-4b2f-acce-4212b02da23a
https://jobs.ashbyhq.com/openai,https://jobs.ashbyhq.com/openai/d66ae477-8742-4c4c-85a2-6f92a7dc67f2
https://jobs.ashbyhq.com/openai,https://jobs.ashbyhq.com/openai/7cd50a19-65f2-4a52-89a2-512130e58c5c
https://jobs.ashbyhq.com/openai,https://jobs.ashbyhq.com/openai/93982c87-6d46-4ed6-9724-f7738557efe5
https://jobs.ashbyhq.com/openai,https://jobs.ashbyhq.com/openai/be7b1bf5-37ab-40f7-9ec1-e9732244f12a
https://jobs.ashbyhq.com/openai,https://jobs.ashbyhq.com/openai/77b815de-b7c5-4b87-8582-e8c752aea849
https://jobs.ashbyhq.com/openai,https://jobs.ashbyhq.com/openai/5431666c-530b-49c0-b67e-32477f9eaf5e
https://jobs.ashbyhq.com/openai,https://jobs.ashbyhq.com/openai/52263a22-1621-4dbb-9a11-ae4490f2acc8
https://jobs.ashbyhq.com/openai,https://jobs.ashbyhq.com/openai/41d9d129-2e58-4ad3-be81-2e5096f4da4d
https://jobs.ashbyhq.com/openai,https://jobs.ashbyhq.com/openai/2f13a80f-645e-44a6-9af8-f183d3409203
https://jobs.ashbyhq.com/openai,https://jobs.ashbyhq.com/openai/cbacb6bd-aa41-41af-a5d5-13515a1be72b
https://jobs.ashbyhq.com/openai,https://jobs.ashbyhq.com/openai/92e539b6-e08d-4090-a021-7cdc13867200
https://jobs.ashbyhq.com/openai,https://jobs.ashbyhq.com/openai/d44c9f70-4aef-45a4-a36a-54fb65663ccb
https://jobs.ashbyhq.com/openai,https://jobs.ashbyhq.com/openai/32af2f07-0373-4a5f-8777-05894811e29a
https://jobs.ashbyhq.com/openai,https://jobs.ashbyhq.com/openai/e98851f0-08d7-42ef-a499-dc96d8f96dab
https://jobs.ashbyhq.com/openai,https://jobs.ashbyhq.com/openai/49ae54dc-3d33-4107-8112-63fac1ee86ca
https://jobs.ashbyhq.com/openai,https://jobs.ashbyhq.com/openai/5bff834a-8d76-40f3-b595-7795456b59df
https://jobs.ashbyhq.com/openai,https://jobs.ashbyhq.com/openai/ec8e0727-50a4-4a0c-b9e1-960294a8bf2c
https://jobs.ashbyhq.com/openai,https://jobs.ashbyhq.com/openai/d2752459-fa0e-44cb-ba72-25ec22648853
https://jobs.ashbyhq.com/openai,https://jobs.ashbyhq.com/openai/e556be3b-a366-4d7c-84b2-19162b2679a6
https://jobs.ashbyhq.com/openai,https://jobs.ashbyhq.com/openai/57551641-208c-48d9-bfb8-9a298d7e7510
https://jobs.ashbyhq.com/openai,https://jobs.ashbyhq.com/openai/645ccd65-eb60-4eb7-b094-b01c2269638c
https://jobs.ashbyhq.com/openai,https://jobs.ashbyhq.com/openai/75e02795-6c6e-4c09-a723-251b5c730ed2
https://jobs.ashbyhq.com/openai,https://jobs.ashbyhq.com/openai/9cd44fb8-ee52-4fcb-b118-06e88307d1c6
https://jobs.ashbyhq.com/openai,https://jobs.ashbyhq.com/openai/1e87291e-5322-461d-ae29-5a4945066315
https://jobs.ashbyhq.com/openai,https://jobs.ashbyhq.com/openai/73ab2f48-9da1-417b-802a-f029bbaa5119
https://jobs.ashbyhq.com/openai,https://jobs.ashbyhq.com/openai/97f5cbd7-979e-4343-bc77-5b39aedacb9a
https://jobs.ashbyhq.com/openai,https://jobs.ashbyhq.com/openai/898a87fb-4cb8-450e-9840-ee5dc710a57d
https://jobs.ashbyhq.com/openai,https://jobs.ashbyhq.com/openai/300e420e-d2d9-4767-b546-14e42faa7d53
https://jobs.ashbyhq.com/openai,https://jobs.ashbyhq.com/openai/37f3bee3-f291-421d-9e42-5497bd3c46fc
https://jobs.ashbyhq.com/openai,https://jobs.ashbyhq.com/openai/22cb5102-521b-4144-aece-3cf4ed64ff9b
https://jobs.ashbyhq.com/openai,https://jobs.ashbyhq.com/openai/5816f1a5-c3c2-4ae8-9739-8a2ba7f139ef
https://jobs.ashbyhq.com/openai,https://jobs.ashbyhq.com/openai/b4196174-9cc3-487d-9d21-848bc283b80f
https://jobs.ashbyhq.com/openai,https://jobs.ashbyhq.com/openai/681f9b48-0ebb-451d-ab79-103b4379db27
https://jobs.ashbyhq.com/openai,https://jobs.ashbyhq.com/openai/d7d1bd40-d9d5-466b-9d21-39b9b423db40
https://jobs.ashbyhq.com/openai,https://jobs.ashbyhq.com/openai/8427b270-8440-400c-bc18-ff24c4f0f987
https://jobs.ashbyhq.com/openai,https://jobs.ashbyhq.com/openai/26fa0f98-b834-4c1a-9a53-8a6e6bba6934
https://jobs.ashbyhq.com/openai,https://jobs.ashbyhq.com/openai/a3bfefb4-ef77-4a49-a644-92104ca83c2c
https://jobs.ashbyhq.com/openai,https://jobs.ashbyhq.com/openai/4a3d7b56-5e7b-4a90-8b94-2a99596b4496
https://jobs.ashbyhq.com/openai,https://jobs.ashbyhq.com/openai/ea297654-9755-4164-9dc9-59161e75d418
https://jobs.ashbyhq.com/openai,https://jobs.ashbyhq.com/openai/551b0d0d-46c2-42fb-bb05-46e2fba8d4db
https://jobs.ashbyhq.com/openai,https://jobs.ashbyhq.com/openai/240d459b-696d-43eb-8497-fab3e56ecd9b
https://jobs.ashbyhq.com/openai,https://jobs.ashbyhq.com/openai/6d392f6b-c668-4f54-92ef-26c5f198394a
https://jobs.ashbyhq.com/openai,https://jobs.ashbyhq.com/openai/83730f3e-3a96-476e-afb0-15f1f045ab03
https://jobs.ashbyhq.com/openai,https://jobs.ashbyhq.com/openai/6eb386ac-9056-4795-aa79-a27e105faf5c
https://jobs.ashbyhq.com/openai,https://jobs.ashbyhq.com/openai/273b4c99-273e-4a70-aff9-19c0d959dcef
https://jobs.ashbyhq.com/openai,https://jobs.ashbyhq.com/openai/b9dee2a0-9bb3-447e-9bce-2b1bed784e5b
https://jobs.ashbyhq.com/openai,https://jobs.ashbyhq.com/openai/8c1bce9f-079b-42dc-b8c7-87b202365d28
https://jobs.ashbyhq.com/openai,https://jobs.ashbyhq.com/openai/504f12ff-95ce-4c5b-930d-cfd96ac88c80
https://jobs.ashbyhq.com/openai,https://jobs.ashbyhq.com/openai/15bf5105-2a85-4c9b-b296-dde47e3cccf8
https://jobs.ashbyhq.com/openai,https://jobs.ashbyhq.com/openai/710316df-bd8d-4f65-901f-2e5da7fb8aa8
https://jobs.ashbyhq.com/openai,https://jobs.ashbyhq.com/openai/129b6636-1dcf-464a-a6d1-a579ef0dc758
https://jobs.ashbyhq.com/openai,https://jobs.ashbyhq.com/openai/bed15207-f4bc-4a51-ae13-de017ddf3cba
https://jobs.ashbyhq.com/openai,https://jobs.ashbyhq.com/openai/3aa78781-3eaa-4716-a395-444184564ddc
https://jobs.ashbyhq.com/openai,https://jobs.ashbyhq.com/openai/64f9b8d6-3912-42c0-8fc0-49359d8a6c9c
https://jobs.ashbyhq.com/openai,https://jobs.ashbyhq.com/openai/83b6755d-7785-4186-9050-5ef3ad127941
https://jobs.ashbyhq.com/openai,https://jobs.ashbyhq.com/openai/11ef39d5-d230-414b-9f3e-a0624efa5b11
https://jobs.ashbyhq.com/openai,https://jobs.ashbyhq.com/openai/3306b8e2-123c-4040-b490-08298f6dc88f
https://jobs.ashbyhq.com/openai,https://jobs.ashbyhq.com/openai/dc0b907b-f833-4559-8fd8-d3d4c80b58d8
https://jobs.ashbyhq.com/openai,https://jobs.ashbyhq.com/openai/227ea1b3-6fc4-44ca-93db-d59373121180
https://jobs.ashbyhq.com/openai,https://jobs.ashbyhq.com/openai/5e4ed6d1-2417-4bf5-bae0-905931c488e3
https://jobs.ashbyhq.com/openai,https://jobs.ashbyhq.com/openai/9f69106f-c2c9-4f14-9938-f38eb42cab50
https://jobs.ashbyhq.com/openai,https://jobs.ashbyhq.com/openai/f2908f94-93a9-476b-ac83-b03392ae827d
https://jobs.ashbyhq.com/openai,https://jobs.ashbyhq.com/openai/d4780eac-03ad-4dae-861f-99af22b4287e
https://jobs.ashbyhq.com/openai,https://jobs.ashbyhq.com/openai/793964ae-d40b-45e3-9798-84f4b6da48c5
https://jobs.ashbyhq.com/openai,https://jobs.ashbyhq.com/openai/a9a1ada5-118b-4b12-80ce-59846c4bd2bf
https://jobs.ashbyhq.com/openai,https://jobs.ashbyhq.com/openai/2115c524-07dd-401c-8549-5598ce5cbc9c
https://jobs.ashbyhq.com/openai,https://jobs.ashbyhq.com/openai/b2c29043-cbd7-440a-b70b-2de3676776ef
https://jobs.ashbyhq.com/openai,https://jobs.ashbyhq.com/openai/f791a3c9-853c-4a24-a925-05b31cfec024
https://jobs.ashbyhq.com/openai,https://jobs.ashbyhq.com/openai/fdf2201f-e2ad-4b4a-9da4-776f64b4fa62
https://jobs.ashbyhq.com/openai,https://jobs.ashbyhq.com/openai/7649205e-20dc-4bb4-9358-69474a851132
https://jobs.ashbyhq.com/openai,https://jobs.ashbyhq.com/openai/9ddb1bd1-3ee0-4350-88f7-3710057b8c93
https://jobs.ashbyhq.com/openai,https://jobs.ashbyhq.com/openai/4f1870f0-b0a8-44fb-b6fe-28638b45ae47
https://jobs.ashbyhq.com/openai,https://jobs.ashbyhq.com/openai/e2e59dcf-1017-45c5-8e6e-509a5812959b
https://jobs.ashbyhq.com/openai,https://jobs.ashbyhq.com/openai/e71cf565-4b21-4b0d-bf45-b22e58ca95eb
https://jobs.ashbyhq.com/openai,https://jobs.ashbyhq.com/openai/853dcb3e-ef04-45f1-be3a-36752c1bd267
https://jobs.ashbyhq.com/openai,https://jobs.ashbyhq.com/openai/5a265d2b-683f-4cea-9b69-8e137e704ab3
https://jobs.ashbyhq.com/openai,https://jobs.ashbyhq.com/openai/f1567543-4de1-468e-9054-bc5fd21a55e2
https://jobs.ashbyhq.com/openai,https://jobs.ashbyhq.com/openai/900eedb0-2e1c-40de-b62c-9f7c8482d3c3
https://jobs.ashbyhq.com/openai,https://jobs.ashbyhq.com/openai/4e60d650-47a7-44fb-8031-02976c7ddc55
https://jobs.ashbyhq.com/openai,https://jobs.ashbyhq.com/openai/eaf9207e-84c9-4fa2-bd57-6877b7eb7f79
https://jobs.ashbyhq.com/openai,https://jobs.ashbyhq.com/openai/6df6a3d8-c72b-4e65-acf8-a5d91559533c
https://jobs.ashbyhq.com/openai,https://jobs.ashbyhq.com/openai/633d5574-92e4-4327-9783-7ea831223dea
https://jobs.ashbyhq.com/openai,https://jobs.ashbyhq.com/openai/582b878e-61bf-4be2-8b30-623434baf726
https://jobs.ashbyhq.com/openai,https://jobs.ashbyhq.com/openai/89f58eb2-519f-4a36-8be0-2e594724e1bc
https://jobs.ashbyhq.com/openai,https://jobs.ashbyhq.com/openai/4167047e-33c2-4be4-b693-71c6c039bc56
https://jobs.ashbyhq.com/openai,https://jobs.ashbyhq.com/openai/e9724c78-a215-4848-8421-bade104682e0
https://jobs.ashbyhq.com/openai,https://jobs.ashbyhq.com/openai/4f785088-e3b3-4dad-8dc8-44255f8c47c8
https://jobs.ashbyhq.com/openai,https://jobs.ashbyhq.com/openai/7d562b4b-bfcf-4e82-a953-a0059e18f45b
https://jobs.ashbyhq.com/openai,https://jobs.ashbyhq.com/openai/498146b0-374c-4022-9d6b-bcf9ac4a58d2
https://jobs.ashbyhq.com/openai,https://jobs.ashbyhq.com/openai/a4ea79c8-e79f-4126-8c1f-032289024961
https://jobs.ashbyhq.com/openai,https://jobs.ashbyhq.com/openai/22781653-051b-4c75-8725-b80233c67b1e
https://jobs.ashbyhq.com/openai,https://jobs.ashbyhq.com/openai/fb601d63-9657-487f-bf49-efece8dd5c5e
https://jobs.ashbyhq.com/openai,https://jobs.ashbyhq.com/openai/efbb5cb8-ed3c-4e64-9713-e7ad8f6086fa
https://jobs.ashbyhq.com/openai,https://jobs.ashbyhq.com/openai/d83c745f-9313-4f36-b8bf-50c5384f4d4a
https://jobs.ashbyhq.com/openai,https://jobs.ashbyhq.com/openai/13644bfd-ba17-4b85-babb-cd87a3f15e9a
https://jobs.ashbyhq.com/openai,https://jobs.ashbyhq.com/openai/fb5862cc-244c-410b-b287-47df89ad1e43
https://jobs.ashbyhq.com/openai,https://jobs.ashbyhq.com/openai/ecf1abec-898c-4acb-a984-42858836a1ff
https://jobs.ashbyhq.com/openai,https://jobs.ashbyhq.com/openai/e5691162-4e45-4dc6-a6bf-64f60ebf1ac4
https://jobs.ashbyhq.com/openai,https://jobs.ashbyhq.com/openai/ca28937d-ce0b-4c36-9fcb-6bbbf1c31980
https://jobs.ashbyhq.com/openai,https://jobs.ashbyhq.com/openai/4a9ce666-e362-4f76-8089-8af255d48398
https://jobs.ashbyhq.com/openai,https://jobs.ashbyhq.com/openai/57cfe1d3-27b6-4761-909c-fec7829e9227
https://jobs.ashbyhq.com/openai,https://jobs.ashbyhq.com/openai/72b19062-4ceb-4855-a8e7-fac0c37df508
https://jobs.ashbyhq.com/openai,https://jobs.ashbyhq.com/openai/eda4a2d1-682f-418e-8055-222eaf7c9abd
https://jobs.ashbyhq.com/openai,https://jobs.ashbyhq.com/openai/4d14449e-5e7f-45d4-b103-8776a6c87086
https://jobs.ashbyhq.com/openai,https://jobs.ashbyhq.com/openai/5bde9af5-df78-460e-ae9c-5c49ac778640
https://jobs.ashbyhq.com/openai,https://jobs.ashbyhq.com/openai/621bb104-9daa-4c9e-949a-03d5730334e8
https://jobs.ashbyhq.com/openai,https://jobs.ashbyhq.com/openai/d2ab1c9b-5c0c-4b43-a7c3-c9301854c023
https://jobs.ashbyhq.com/openai,https://jobs.ashbyhq.com/openai/e4086a4f-1b4a-40e9-87c5-63706b708904
https://jobs.ashbyhq.com/openai,https://jobs.ashbyhq.com/openai/01f5e531-4de9-4258-9662-7ad4bdf96ddd
https://jobs.ashbyhq.com/openai,https://jobs.ashbyhq.com/openai/7460f4fb-f2e2-473f-9932-0c4d6d427b62
https://jobs.ashbyhq.com/openai,https://jobs.ashbyhq.com/openai/d9e942a7-a84e-4fb2-8fea-b976a1abaa68
https://jobs.ashbyhq.com/openai,https://jobs.ashbyhq.com/openai/1953efa7-5c1f-4878-b4cb-926cd35aafdb
https://jobs.ashbyhq.com/openai,https://jobs.ashbyhq.com/openai/2a4c3927-523b-4a43-8796-74279d889b4c
https://jobs.ashbyhq.com/openai,https://jobs.ashbyhq.com/openai/b9a4a809-a965-4dbe-aeef-6ce1593903dd
https://jobs.ashbyhq.com/openai,https://jobs.ashbyhq.com/openai/4476b271-4987-4bd4-aa1e-0e68ea683b10
https://jobs.ashbyhq.com/openai,https://jobs.ashbyhq.com/openai/fb1e823e-cfcc-4293-8893-cc77e467c561
https://jobs.ashbyhq.com/openai,https://jobs.ashbyhq.com/openai/673ca4f5-b5dc-448f-be3c-4f888a6d13ed
https://jobs.ashbyhq.com/openai,https://jobs.ashbyhq.com/openai/71655236-0303-42aa-9135-b2f27f2457ab
https://jobs.ashbyhq.com/openai,https://jobs.ashbyhq.com/openai/c98835d1-ef95-4b9a-99dd-ac51f466578a
https://jobs.ashbyhq.com/openai,https://jobs.ashbyhq.com/openai/bd190cad-99ec-4fe7-8f8f-de96b5aa5969
https://jobs.ashbyhq.com/openai,https://jobs.ashbyhq.com/openai/172a1bea-9cfc-41de-80d0-c6fe31e17cd1
https://jobs.ashbyhq.com/openai,https://jobs.ashbyhq.com/openai/99121e6d-a542-4881-968f-4cd89d9f583c
https://jobs.ashbyhq.com/openai,https://jobs.ashbyhq.com/openai/1f37ae5b-791a-4505-9575-183cc4bb9d5e
https://jobs.ashbyhq.com/openai,https://jobs.ashbyhq.com/openai/467cbfac-3e7d-4cc6-a131-2b26617afa02
https://jobs.ashbyhq.com/openai,https://jobs.ashbyhq.com/openai/bf7d2623-7846-410c-87f8-c628915ec16c
https://jobs.ashbyhq.com/openai,https://jobs.ashbyhq.com/openai/8fb1615c-34bf-47c4-a1d1-b7b2f836bbd3
https://jobs.ashbyhq.com/openai,https://jobs.ashbyhq.com/openai/5bbc43df-558a-4e4b-a0cf-83f185c664d7
https://jobs.ashbyhq.com/openai,https://jobs.ashbyhq.com/openai/6b47b641-39f4-41ed-944f-d1d6316398ac
https://jobs.ashbyhq.com/openai,https://jobs.ashbyhq.com/openai/ea339283-7650-4b50-9d24-08d143af260a
https://jobs.ashbyhq.com/openai,https://jobs.ashbyhq.com/openai/e14fc37c-7ae5-4a6b-ba0d-a36860cf9bb2
https://jobs.ashbyhq.com/openai,https://jobs.ashbyhq.com/openai/e6981259-c1d0-46de-8376-56bde28cfb10
https://jobs.ashbyhq.com/openai,https://jobs.ashbyhq.com/openai/db5a708d-1d7a-4aa3-8dd3-0d0423b6b69f
https://jobs.ashbyhq.com/openai,https://jobs.ashbyhq.com/openai/d1b2eec3-bd8b-49db-aee4-e42fd7e029eb
https://jobs.ashbyhq.com/openai,https://jobs.ashbyhq.com/openai/82a30978-e4d9-4f64-aae2-b20877e052c0
https://jobs.ashbyhq.com/openai,https://jobs.ashbyhq.com/openai/9747412d-a23d-48ba-bddd-ad1247c360f5
https://jobs.ashbyhq.com/openai,https://jobs.ashbyhq.com/openai/eda8b702-16b1-4fec-8444-76969695ac5d
https://jobs.ashbyhq.com/openai,https://jobs.ashbyhq.com/openai/d177ee76-fedc-4b90-aa7b-5e350bd35f5f
https://jobs.ashbyhq.com/openai,https://jobs.ashbyhq.com/openai/3ca637f8-c0d6-4253-8568-1f31b02adf76
https://jobs.ashbyhq.com/openai,https://jobs.ashbyhq.com/openai/4ef5bf23-cf0e-4b97-a639-11f963c99b88
https://jobs.ashbyhq.com/openai,https://jobs.ashbyhq.com/openai/a9a02cb4-a26e-4a09-94dd-90044c45b0b6
https://jobs.ashbyhq.com/openai,https://jobs.ashbyhq.com/openai/276bcc4c-9982-4ead-a895-252a73f737d7
https://jobs.ashbyhq.com/openai,https://jobs.ashbyhq.com/openai/c9fd2911-586b-45b2-80ea-2078ce6dafff
https://jobs.ashbyhq.com/openai,https://jobs.ashbyhq.com/openai/21bfde35-ffec-42d2-a2c6-8a03dad789d5
https://jobs.ashbyhq.com/openai,https://jobs.ashbyhq.com/openai/fada5332-3ae3-46f2-afa2-10c5878bdd25
https://jobs.ashbyhq.com/openai,https://jobs.ashbyhq.com/openai/e6d5ca02-f30b-4ac5-a69d-c947efb430f9
https://jobs.ashbyhq.com/openai,https://jobs.ashbyhq.com/openai/a97e89f0-67ad-41c9-a2d3-f64c4ab9a732
https://jobs.ashbyhq.com/openai,https://jobs.ashbyhq.com/openai/10c30695-c831-44e3-b6b9-cb31e2643791
https://jobs.ashbyhq.com/openai,https://jobs.ashbyhq.com/openai/23568366-d9e6-4d18-80b8-5ae9e87c61e6
https://jobs.ashbyhq.com/openai,https://jobs.ashbyhq.com/openai/54b2072e-4c1c-40e4-b2dc-ec51d9d0ab60
https://jobs.ashbyhq.com/openai,https://jobs.ashbyhq.com/openai/6d5d982f-d00b-49b8-b023-c596f0096d76
https://jobs.ashbyhq.com/openai,https://jobs.ashbyhq.com/openai/bba18df5-f30f-4d2c-909c-30e651f95579
https://jobs.ashbyhq.com/openai,https://jobs.ashbyhq.com/openai/02aaa36c-971f-464e-b41c-0435bf762d43
https://jobs.ashbyhq.com/openai,https://jobs.ashbyhq.com/openai/8aa21cf4-0bf7-491f-9768-98f2a3fa92a8
https://jobs.ashbyhq.com/openai,https://jobs.ashbyhq.com/openai/c3426270-157e-4709-bf13-aee7743f7c39
https://jobs.ashbyhq.com/openai,https://jobs.ashbyhq.com/openai/cc434f5b-dc0b-42fd-97ec-e0171545c6e9
https://jobs.ashbyhq.com/openai,https://jobs.ashbyhq.com/openai/ca7e4019-bf93-42fd-8f15-fac59c6e237c
https://jobs.ashbyhq.com/openai,https://jobs.ashbyhq.com/openai/73eb1b69-095d-4f27-84ba-54f5df9bc230
https://jobs.ashbyhq.com/openai,https://jobs.ashbyhq.com/openai/75420421-5a2a-4d99-8755-9eeff799de95
https://jobs.ashbyhq.com/openai,https://jobs.ashbyhq.com/openai/ebc65e7d-d86a-4066-aa82-3a7758d97bb6
https://jobs.ashbyhq.com/openai,https://jobs.ashbyhq.com/openai/7daff2af-1686-43fe-85c0-ca912c8747ac
https://jobs.ashbyhq.com/openai,https://jobs.ashbyhq.com/openai/e84e7b7e-a82e-411e-929a-615dc3080280
https://jobs.ashbyhq.com/openai,https://jobs.ashbyhq.com/openai/c3391b6b-2305-4b03-880f-57bc52217420
https://jobs.ashbyhq.com/openai,https://jobs.ashbyhq.com/openai/ad2cf782-15a4-48c7-9133-1788e3f33bbb
https://jobs.ashbyhq.com/openai,https://jobs.ashbyhq.com/openai/12342ebb-dcd4-45e2-b875-fc5447fdb7d8
https://jobs.ashbyhq.com/openai,https://jobs.ashbyhq.com/openai/3ee22a2b-17f6-4848-93e4-b43e61169002
https://jobs.ashbyhq.com/openai,https://jobs.ashbyhq.com/openai/6c6c1ace-12d6-48f0-88f0-488ff8521571
https://jobs.ashbyhq.com/openai,https://jobs.ashbyhq.com/openai/5d618f84-fcce-496c-bfe9-995bd9ff9065
https://jobs.ashbyhq.com/openai,https://jobs.ashbyhq.com/openai/54aa42d3-9823-4b88-8807-d7b87a08858c
https://jobs.ashbyhq.com/openai,https://jobs.ashbyhq.com/openai/d866a47d-0333-4ebf-a0d1-39c1d7edd127
https://jobs.ashbyhq.com/openai,https://jobs.ashbyhq.com/openai/a2c9f105-b41a-41db-afd8-e70a54b3f21c
https://jobs.ashbyhq.com/openai,https://jobs.ashbyhq.com/openai/60d3700b-ba82-4fa6-a6bb-7b2b67070510
https://jobs.ashbyhq.com/openai,https://jobs.ashbyhq.com/openai/c47bd03b-800f-4e17-8240-e83c68766937
https://jobs.ashbyhq.com/openai,https://jobs.ashbyhq.com/openai/4d368cb6-bd34-4c15-a559-0a1df2b16202
https://jobs.ashbyhq.com/openai,https://jobs.ashbyhq.com/openai/c51e48ce-31ad-4176-a6d5-4a785b44ab73
https://jobs.ashbyhq.com/openai,https://jobs.ashbyhq.com/openai/f763c6b3-5167-4a67-b691-4c3fa2c44156
https://jobs.ashbyhq.com/openai,https://jobs.ashbyhq.com/openai/eb73ffd3-8d38-46be-9035-bae7b2f16098
https://jobs.ashbyhq.com/openai,https://jobs.ashbyhq.com/openai/875b6559-55f0-4cea-ad62-0063d0cb0b73
https://jobs.ashbyhq.com/openai,https://jobs.ashbyhq.com/openai/b75f6b5b-8a84-4796-9093-588cc9334c04
https://jobs.ashbyhq.com/openai,https://jobs.ashbyhq.com/openai/bdbb2292-ecb3-42dc-ba89-65edf397d8f8
https://jobs.ashbyhq.com/openai,https://jobs.ashbyhq.com/openai/b073abb1-cf6c-4fd9-a318-732fdd2f1408
https://jobs.ashbyhq.com/openai,https://jobs.ashbyhq.com/openai/916fa6f6-f441-43c6-9769-27e4bf0b2cc9
https://jobs.ashbyhq.com/openai,https://jobs.ashbyhq.com/openai/76ab9863-fc86-4ecf-9cc2-759cdd6b64b7
https://jobs.ashbyhq.com/openai,https://jobs.ashbyhq.com/openai/f92d5695-306d-4af2-8d8b-a09259dd626a
https://jobs.ashbyhq.com/openai,https://jobs.ashbyhq.com/openai/c2aeb70d-3eca-4c4f-a414-6394b30fea80
https://jobs.ashbyhq.com/openai,https://jobs.ashbyhq.com/openai/04435c05-7a05-4802-894d-c173327fbac8
https://jobs.ashbyhq.com/openai,https://jobs.ashbyhq.com/openai/bb109aba-609f-4021-a457-ae0bec1cf9f4
https://jobs.ashbyhq.com/openai,https://jobs.ashbyhq.com/openai/93d74d54-52af-418b-9929-14dd41fd72d4
https://jobs.ashbyhq.com/openai,https://jobs.ashbyhq.com/openai/f386b209-1259-4b79-bf5a-aa97fc7ce77b
https://jobs.ashbyhq.com/openai,https://jobs.ashbyhq.com/openai/527b1b7e-9459-49c8-9f90-f15f4ca1aef3
https://jobs.ashbyhq.com/openai,https://jobs.ashbyhq.com/openai/93d9be71-6502-4e48-94c2-1c17724e2bc7
https://jobs.ashbyhq.com/openai,https://jobs.ashbyhq.com/openai/47327eb8-dbb8-4823-8291-de42239d283b
https://jobs.ashbyhq.com/openai,https://jobs.ashbyhq.com/openai/c9e9e3a5-fb93-4162-b876-6266016819c0
https://jobs.ashbyhq.com/openai,https://jobs.ashbyhq.com/openai/79f7dfb2-3dff-4411-afb2-f0aacb1fa641
https://jobs.ashbyhq.com/openai,https://jobs.ashbyhq.com/openai/00207abc-49b7-465c-a219-f7c1140f8047
https://jobs.ashbyhq.com/openai,https://jobs.ashbyhq.com/openai/779b340d-e645-4da1-a923-b3070a26d936
https://jobs.ashbyhq.com/openai,https://jobs.ashbyhq.com/openai/202eb061-23d7-4a58-80c8-bc3b41e56d39
https://jobs.ashbyhq.com/openai,https://jobs.ashbyhq.com/openai/d3a4cefe-0568-4469-acc6-a5b85b29bce2
https://jobs.ashbyhq.com/openai,https://jobs.ashbyhq.com/openai/4a13c764-18c3-4076-ac87-29e05491be07
https://jobs.ashbyhq.com/openai,https://jobs.ashbyhq.com/openai/c50f31f9-d4e4-46dc-bf80-80511a35c0e6
https://jobs.ashbyhq.com/openai,https://jobs.ashbyhq.com/openai/f6dfb6c0-44af-4512-af8c-967b8bb12867
https://jobs.ashbyhq.com/openai,https://jobs.ashbyhq.com/openai/ad1e604f-27fe-4c4b-acdd-7f88e4ba3f8f
https://jobs.ashbyhq.com/openai,https://jobs.ashbyhq.com/openai/1ba666a4-0be2-4bd0-ad51-39ed7164c241
https://jobs.ashbyhq.com/openai,https://jobs.ashbyhq.com/openai/e529aeac-edaa-49d4-8994-a145edf3246d
https://jobs.ashbyhq.com/openai,https://jobs.ashbyhq.com/openai/2bd328c0-7e9d-45ff-be57-03c0f74729f1
https://jobs.ashbyhq.com/openai,https://jobs.ashbyhq.com/openai/8e301350-62fb-4251-bc34-c7036498f08c
https://jobs.ashbyhq.com/openai,https://jobs.ashbyhq.com/openai/3a6275d3-5b3f-4101-9ca5-b92dcb3bbc46
https://jobs.ashbyhq.com/openai,https://jobs.ashbyhq.com/openai/23014bc8-37d4-4fd9-9a77-d95fdd33437f
https://jobs.ashbyhq.com/openai,https://jobs.ashbyhq.com/openai/991948b7-0305-4125-bb9a-625f5bc24189
https://jobs.ashbyhq.com/openai,https://jobs.ashbyhq.com/openai/66b2f70e-6dd6-479c-a8ec-808cc92d89ab
https://jobs.ashbyhq.com/openai,https://jobs.ashbyhq.com/openai/2a10db62-4690-4652-9516-3d4fe1392522
https://jobs.ashbyhq.com/openai,https://jobs.ashbyhq.com/openai/c6e5f4a6-8ab1-4653-be9d-e2bca259e84a
https://jobs.ashbyhq.com/openai,https://jobs.ashbyhq.com/openai/7fa9f3f2-4945-4081-a3ba-eccdef8a6121
https://jobs.ashbyhq.com/openai,https://jobs.ashbyhq.com/openai/55afdf4a-d030-4eb2-bfdf-50fee70ddf8c
https://jobs.ashbyhq.com/openai,https://jobs.ashbyhq.com/openai/f75a7ec9-8e8a-49a2-8461-0665a13922e4
https://jobs.ashbyhq.com/openai,https://jobs.ashbyhq.com/openai/73e56947-5d8b-414d-a0ac-9dc9b04e2406
https://jobs.ashbyhq.com/openai,https://jobs.ashbyhq.com/openai/7237ec82-84c7-4561-8939-b5c22fda88d4
https://jobs.ashbyhq.com/openai,https://jobs.ashbyhq.com/openai/f2794e39-9c8f-4590-ba4d-3fa19a0e61f4
https://jobs.ashbyhq.com/openai,https://jobs.ashbyhq.com/openai/da9700e0-060e-44a3-9a0a-57e723e877ce
https://jobs.ashbyhq.com/openai,https://jobs.ashbyhq.com/openai/148f1bde-1146-45df-8cc3-613576a61b87
https://jobs.ashbyhq.com/openai,https://jobs.ashbyhq.com/openai/4e972540-c28c-4d16-a169-498ba032373c
https://jobs.ashbyhq.com/openai,https://jobs.ashbyhq.com/openai/994bf78e-55ec-4c02-9326-6f90c08bcebe
https://jobs.ashbyhq.com/openai,https://jobs.ashbyhq.com/openai/90e90165-9f42-4271-8e35-085f822a7c48
https://jobs.ashbyhq.com/openai,https://jobs.ashbyhq.com/openai/c4723243-69e5-45e3-a1c4-ad16df988428
https://jobs.ashbyhq.com/openai,https://jobs.ashbyhq.com/openai/4f2edd33-a836-4d98-86cf-bed57f6319c8
https://jobs.ashbyhq.com/openai,https://jobs.ashbyhq.com/openai/7055f010-99f4-4c76-8361-ba5b5f9af1d0
https://jobs.ashbyhq.com/openai,https://jobs.ashbyhq.com/openai/4d95f7b7-4ac0-455e-bb92-b892f94a48be
https://jobs.ashbyhq.com/openai,https://jobs.ashbyhq.com/openai/330cef2f-5519-49af-a900-de7e96dd0b42
https://jobs.ashbyhq.com/openai,https://jobs.ashbyhq.com/openai/b505a83d-68c1-46cc-a754-5deacb3c6e3c
https://jobs.ashbyhq.com/openai,https://jobs.ashbyhq.com/openai/35d2d05f-77f4-49b4-92fd-8ff83dc8980e
https://jobs.ashbyhq.com/openai,https://jobs.ashbyhq.com/openai/ac1de598-3891-4d1b-bbb6-4c3997a8bef8
https://jobs.ashbyhq.com/openai,https://jobs.ashbyhq.com/openai/0322d6d8-6588-4209-a304-83e768063a25
https://jobs.ashbyhq.com/openai,https://jobs.ashbyhq.com/openai/900fa7f0-9bc5-443c-b991-38ad7da90f9c
https://jobs.ashbyhq.com/openai,https://jobs.ashbyhq.com/openai/2ee660bf-1911-4619-9282-751cd9fc5c61
https://jobs.ashbyhq.com/openai,https://jobs.ashbyhq.com/openai/b2fd550d-3e04-434e-bb91-c5b7bc8ac8b7
https://jobs.ashbyhq.com/openai,https://jobs.ashbyhq.com/openai/9b79406c-89a8-49bd-8a38-e72db80996e9
https://jobs.ashbyhq.com/openai,https://jobs.ashbyhq.com/openai/29c2c171-fb63-4985-9ac5-229b2ff5ced6
https://jobs.ashbyhq.com/openai,https://jobs.ashbyhq.com/openai/d4084bb6-f9fa-46df-87ef-da6caed88455
https://jobs.ashbyhq.com/openai,https://jobs.ashbyhq.com/openai/a9748e8e-02a3-4333-9eae-997c378d96cf
https://jobs.ashbyhq.com/openai,https://jobs.ashbyhq.com/openai/823fe212-7774-4387-a24b-b52f54c25fa3
https://jobs.ashbyhq.com/openai,https://jobs.ashbyhq.com/openai/ef88aaa6-f7e1-4afe-ab69-a13f2aa94eae
https://jobs.ashbyhq.com/openai,https://jobs.ashbyhq.com/openai/aede8703-4ee6-437a-aa38-16787ed7f202
https://jobs.ashbyhq.com/openai,https://jobs.ashbyhq.com/openai/988bf175-3219-4e75-baa6-52ecd147ea0f
https://jobs.ashbyhq.com/openai,https://jobs.ashbyhq.com/openai/063d1957-23f0-4976-b8bd-93a0d4a31cfb
https://jobs.ashbyhq.com/openai,https://jobs.ashbyhq.com/openai/4d6a5951-9838-434c-830a-22cb938ea228
https://jobs.ashbyhq.com/openai,https://jobs.ashbyhq.com/openai/f266cb79-dc62-42e9-a2f1-efc083c94457
https://jobs.ashbyhq.com/openai,https://jobs.ashbyhq.com/openai/3775cb8b-770d-456b-8d5c-b9de78d4e218
https://jobs.ashbyhq.com/openai,https://jobs.ashbyhq.com/openai/ef828b89-41ed-4cde-96a9-94ffe5770d4c
https://jobs.ashbyhq.com/openai,https://jobs.ashbyhq.com/openai/454dfbeb-69f5-4ee2-9f8f-963359400ad9
https://jobs.ashbyhq.com/openai,https://jobs.ashbyhq.com/openai/720bd7ae-2d65-4f1c-b01a-86278dedabde
https://jobs.ashbyhq.com/openai,https://jobs.ashbyhq.com/openai/305a4b22-7ff9-4fa5-9229-c6a22c9aa64f
https://jobs.ashbyhq.com/openai,https://jobs.ashbyhq.com/openai/3c1c4d17-cdf9-44c7-a56d-a5ee93696c4c
https://jobs.ashbyhq.com/openai,https://jobs.ashbyhq.com/openai/5931abef-191b-417e-89f1-1d06f00e908c
https://jobs.ashbyhq.com/openai,https://jobs.ashbyhq.com/openai/492ffc24-6b6e-4aa0-b31c-2a29a550b086
https://jobs.ashbyhq.com/openai,https://jobs.ashbyhq.com/openai/7322d344-9325-4a92-8445-0a2c4e9272f8
https://jobs.ashbyhq.com/openai,https://jobs.ashbyhq.com/openai/ab463045-cd9b-4100-a037-f1135ace1464
https://jobs.ashbyhq.com/openai,https://jobs.ashbyhq.com/openai/2f04a25a-8900-4235-8c1d-25c74f6c5e55
https://jobs.ashbyhq.com/openai,https://jobs.ashbyhq.com/openai/ecb73272-091d-4aa7-9e9b-07a29634cb4c
https://jobs.ashbyhq.com/openai,https://jobs.ashbyhq.com/openai/95ec6a88-fbd8-4e9c-9924-53d6c2afd51a
https://jobs.ashbyhq.com/openai,https://jobs.ashbyhq.com/openai/436392d6-11a9-4ddf-9851-9528b2c1ec94
https://jobs.ashbyhq.com/openai,https://jobs.ashbyhq.com/openai/2f761ecc-02df-4a74-a076-6105b54323f8
https://jobs.ashbyhq.com/openai,https://jobs.ashbyhq.com/openai/d821a725-671f-4327-b918-9be90ef7be45
https://jobs.ashbyhq.com/openai,https://jobs.ashbyhq.com/openai/e72077d7-2aca-4752-a0f6-1ff9ffe13fdf
https://jobs.ashbyhq.com/openai,https://jobs.ashbyhq.com/openai/6131fc4f-bfc8-49f3-8223-773a55d15583
https://jobs.ashbyhq.com/openai,https://jobs.ashbyhq.com/openai/e665817a-bf86-4208-8cf3-c1754c28b401
https://jobs.ashbyhq.com/openai,https://jobs.ashbyhq.com/openai/f630d886-76d4-4492-a06b-7c6a34d05b8f
https://jobs.ashbyhq.com/openai,https://jobs.ashbyhq.com/openai/a653b035-a866-4a5c-9c2a-fda3c2950eee
https://jobs.ashbyhq.com/openai,https://jobs.ashbyhq.com/openai/4fb47557-86d2-47c3-9c6a-909aeb561329
https://jobs.ashbyhq.com/openai,https://jobs.ashbyhq.com/openai/250c5184-edb5-49eb-bb7e-1ddb47f1140d
https://jobs.ashbyhq.com/openai,https://jobs.ashbyhq.com/openai/1dc05fc7-ceb7-4827-a905-9d1beb77a4a0
https://jobs.ashbyhq.com/openai,https://jobs.ashbyhq.com/openai/a8f86859-ad6a-4381-80ee-d7f9b8bc4fb3
https://jobs.ashbyhq.com/openai,https://jobs.ashbyhq.com/openai/43174eb6-0ffe-4744-9323-c7969e7ea2e1
https://jobs.ashbyhq.com/openai,https://jobs.ashbyhq.com/openai/f2376a07-ecfa-4ff9-9033-c9ee05532f4b
https://jobs.ashbyhq.com/openai,https://jobs.ashbyhq.com/openai/ed0b378c-dc94-431b-a41b-00f77f3f02b0
https://jobs.ashbyhq.com/openai,https://jobs.ashbyhq.com/openai/adf444a6-860d-4953-acc0-a4734e32cb5d
https://jobs.ashbyhq.com/openai,https://jobs.ashbyhq.com/openai/8a99798d-eeb7-49b8-931c-2890a00837e8
https://jobs.ashbyhq.com/openai,https://jobs.ashbyhq.com/openai/9b2c68f2-5ce8-44f9-a30c-d8016ac66d86
https://jobs.ashbyhq.com/openai,https://jobs.ashbyhq.com/openai/dd2025b9-4d18-4ad7-a78c-7a643419ecc5
https://jobs.ashbyhq.com/openai,https://jobs.ashbyhq.com/openai/cb050c48-2e42-4dc0-8860-e6b3e5e6baff
https://jobs.ashbyhq.com/openai,https://jobs.ashbyhq.com/openai/468d7cab-66e9-4ae1-bac9-f2531148af31
https://jobs.ashbyhq.com/openai,https://jobs.ashbyhq.com/openai/f123bbe4-7f19-46c8-a6ab-4a5d7b714988
https://jobs.ashbyhq.com/openai,https://jobs.ashbyhq.com/openai/1baad891-43b8-4e2a-9e6c-f68741e718a4
https://jobs.ashbyhq.com/openai,https://jobs.ashbyhq.com/openai/50626871-6bbf-4d8f-a534-176f929f1f37
https://jobs.ashbyhq.com/openai,https://jobs.ashbyhq.com/openai/a6501870-774b-447f-8620-2b78854f9655
https://jobs.ashbyhq.com/openai,https://jobs.ashbyhq.com/openai/63003bd5-05c8-408a-8d5a-8f5deb16113f
https://jobs.ashbyhq.com/openai,https://jobs.ashbyhq.com/openai/59761b88-8b28-41bf-949d-0e1dd35884b8
https://jobs.ashbyhq.com/openai,https://jobs.ashbyhq.com/openai/0de881e6-3f2b-448d-858c-c833e15a3d0e
https://jobs.ashbyhq.com/openai,https://jobs.ashbyhq.com/openai/5f0c6579-0bfb-4a06-8a43-1dd371499e10
https://jobs.ashbyhq.com/openai,https://jobs.ashbyhq.com/openai/98ad9beb-4f91-496c-bd16-ac0b2a8d5bb2
https://jobs.ashbyhq.com/openai,https://jobs.ashbyhq.com/openai/ae2b93cc-8f6b-4995-9f0e-70e0d1c4d7d1
https://jobs.ashbyhq.com/openai,https://jobs.ashbyhq.com/openai/45ab8896-06bd-4c8e-bb76-914483d5d180
https://jobs.ashbyhq.com/openai,https://jobs.ashbyhq.com/openai/95e1c989-e21b-4f7a-b376-ce00cf4ce5eb
https://jobs.ashbyhq.com/openai,https://jobs.ashbyhq.com/openai/bcbe08e3-9593-431d-bc99-37e35e035742
https://jobs.ashbyhq.com/openai,https://jobs.ashbyhq.com/openai/460b4295-3803-4dda-983d-3b0fea0b0fc4
https://jobs.ashbyhq.com/openai,https://jobs.ashbyhq.com/openai/deff9215-217d-4392-825e-7788cb8205f3
https://jobs.ashbyhq.com/openai,https://jobs.ashbyhq.com/openai/f5c18083-20a5-431b-bd3d-aa493c3c3656
https://jobs.ashbyhq.com/openai,https://jobs.ashbyhq.com/openai/aa2d74d0-ec0f-45e3-99a6-df1634e8c9a8
https://jobs.ashbyhq.com/openai,https://jobs.ashbyhq.com/openai/5f6685ad-2fba-4e60-8982-fa142b33e194
https://jobs.ashbyhq.com/openai,https://jobs.ashbyhq.com/openai/e4ef18a1-f2f7-4920-a53c-aeadd184d124
https://jobs.ashbyhq.com/openai,https://jobs.ashbyhq.com/openai/c5ff9a07-5f62-4d03-a26c-b205b5471dc8
https://jobs.ashbyhq.com/openai,https://jobs.ashbyhq.com/openai/305a36e1-4cbf-4f96-bc8e-83e09935f057
https://jobs.ashbyhq.com/openai,https://jobs.ashbyhq.com/openai/bfc7671d-5d40-4bfa-92cc-58ecdd0ed873
https://jobs.ashbyhq.com/openai,https://jobs.ashbyhq.com/openai/c96e7e29-5da5-4f90-b80d-c3c59f0ab0f4
https://jobs.ashbyhq.com/openai,https://jobs.ashbyhq.com/openai/533c0fc9-b773-476d-9f96-a0528efbab0e
https://jobs.ashbyhq.com/openai,https://jobs.ashbyhq.com/openai/99f823a1-66ec-44bd-ba30-d3645aa49d74
https://jobs.ashbyhq.com/openai,https://jobs.ashbyhq.com/openai/9d11e1d8-af1d-413b-873f-d8fac2bdee99
https://jobs.ashbyhq.com/openai,https://jobs.ashbyhq.com/openai/96c050b2-f428-4dbd-89b5-16d9cd6be678
https://jobs.ashbyhq.com/openai,https://jobs.ashbyhq.com/openai/d4dcd344-40cf-44d6-a7dd-172118eb0842
https://jobs.ashbyhq.com/openai,https://jobs.ashbyhq.com/openai/c6ce7090-9061-4dae-90d5-3e120f179a39
https://jobs.ashbyhq.com/openai,https://jobs.ashbyhq.com/openai/a64db2b1-7f38-4ac0-ad2c-893217b63dd2
https://jobs.ashbyhq.com/openai,https://jobs.ashbyhq.com/openai/5112df2a-f4d3-4e59-a4af-45c77fcaf5e2
https://jobs.ashbyhq.com/openai,https://jobs.ashbyhq.com/openai/95247010-7399-421d-a763-9f09e4c170d9
https://jobs.ashbyhq.com/openai,https://jobs.ashbyhq.com/openai/7f299784-2c75-4d73-99e5-1e5043ec7b48
https://jobs.ashbyhq.com/openai,https://jobs.ashbyhq.com/openai/3423e484-d978-4593-855d-ff6fa4b62f75
https://jobs.ashbyhq.com/openai,https://jobs.ashbyhq.com/openai/ed871ac9-44ae-47fa-beaa-b9ab7ff31012
https://jobs.ashbyhq.com/openai,https://jobs.ashbyhq.com/openai/3306b104-c137-4582-abfe-97de621ab9c4
https://jobs.ashbyhq.com/openai,https://jobs.ashbyhq.com/openai/aa5e89e9-90f7-49e8-b4ca-b4d030c68425
https://jobs.ashbyhq.com/openai,https://jobs.ashbyhq.com/openai/a236b8f1-e5d1-494e-ad76-f6027935fafb
https://jobs.ashbyhq.com/openai,https://jobs.ashbyhq.com/openai/3bff1081-2bc7-4ea0-b037-f0c2eb4af262
https://jobs.ashbyhq.com/openai,https://jobs.ashbyhq.com/openai/b41e93a7-c60b-45bc-943e-6e8c8bb9a7f0
https://jobs.ashbyhq.com/openai,https://jobs.ashbyhq.com/openai/597e5531-39a8-49eb-bb8d-0ca11cbbd9b4
https://jobs.ashbyhq.com/openai,https://jobs.ashbyhq.com/openai/fbb68247-eb54-4ad1-94b4-26e0dc24fd23
https://jobs.ashbyhq.com/openai,https://jobs.ashbyhq.com/openai/b0c47fab-6193-45eb-a71d-5b030c974246
https://jobs.ashbyhq.com/openai,https://jobs.ashbyhq.com/openai/340c0c22-8d8f-4232-b17e-f642b64c25c3
https://jobs.ashbyhq.com/openai,https://jobs.ashbyhq.com/openai/ce7f711d-1e93-4e67-ba69-89cba0463239
https://jobs.ashbyhq.com/openai,https://jobs.ashbyhq.com/openai/215b02db-1cbf-4f97-8866-7a460ddf7b35
https://jobs.ashbyhq.com/openai,https://jobs.ashbyhq.com/openai/cf31f5f6-4e67-4695-808c-9cdd2e1fa3b1
https://jobs.ashbyhq.com/openai,https://jobs.ashbyhq.com/openai/39313583-f388-44c2-a1dd-ae94075643bd
https://jobs.ashbyhq.com/openai,https://jobs.ashbyhq.com/openai/775240dd-6d36-401a-acca-128df0459610
https://jobs.ashbyhq.com/openai,https://jobs.ashbyhq.com/openai/89be806d-c9d6-4f84-a2ca-633f87d21955
https://jobs.ashbyhq.com/openai,https://jobs.ashbyhq.com/openai/22d27f56-b61a-416f-bde4-e040c4bbce18
https://jobs.ashbyhq.com/openai,https://jobs.ashbyhq.com/openai/e5cb8ce6-cec3-4950-a567-0e26cea0b4e3
https://jobs.ashbyhq.com/openai,https://jobs.ashbyhq.com/openai/fc38c6bf-5330-435c-99b6-1bcf1f5829a8
https://jobs.ashbyhq.com/openai,https://jobs.ashbyhq.com/openai/ff5aaca0-7658-47cb-9d39-e4e8f8e846f1
https://jobs.ashbyhq.com/openai,https://jobs.ashbyhq.com/openai/c664cc09-d996-450c-8683-ad591ac27c11
https://jobs.ashbyhq.com/openai,https://jobs.ashbyhq.com/openai/d1425d2b-0c54-4fc9-8e21-fc8b9ae60238
https://jobs.ashbyhq.com/openai,https://jobs.ashbyhq.com/openai/9d26d55c-6989-4607-99be-1fa44cb94983
https://jobs.ashbyhq.com/openai,https://jobs.ashbyhq.com/openai/e25d59d4-c1eb-4dc5-87db-e8a55d0c4498
https://jobs.ashbyhq.com/openai,https://jobs.ashbyhq.com/openai/c9acc73a-b118-4802-bb51-87f3d57df883
https://jobs.ashbyhq.com/openai,https://jobs.ashbyhq.com/openai/2cba0d45-7a4f-4f38-ac73-3f8633bf0349
https://jobs.ashbyhq.com/openai,https://jobs.ashbyhq.com/openai/3a0cef12-1a6b-4ee5-9ea3-6b2315f9c708
https://jobs.ashbyhq.com/openai,https://jobs.ashbyhq.com/openai/c779c474-b4c0-4b88-a9d1-9371c5a575c8
https://jobs.ashbyhq.com/openai,https://jobs.ashbyhq.com/openai/d829b701-5ee2-414f-8596-ef94911a168a
https://jobs.ashbyhq.com/openai,https://jobs.ashbyhq.com/openai/b4cedd92-afe4-4742-9cd4-edc543f427d5
https://jobs.ashbyhq.com/openai,https://jobs.ashbyhq.com/openai/d9ba7852-082e-4443-800c-2e735e57c67e
https://jobs.ashbyhq.com/openai,https://jobs.ashbyhq.com/openai/98a36c10-3497-4955-9cc0-a6f211e4dc1b
https://jobs.ashbyhq.com/openai,https://jobs.ashbyhq.com/openai/941bad28-7abe-43c7-b20a-2bc7e5b3c6e8
https://jobs.ashbyhq.com/openai,https://jobs.ashbyhq.com/openai/7f9eb43b-423e-43e4-9f42-d14b8ba0f234
https://jobs.ashbyhq.com/openai,https://jobs.ashbyhq.com/openai/a006e052-e045-4059-876b-afdb8b73dc1d
https://jobs.ashbyhq.com/openai,https://jobs.ashbyhq.com/openai/a68eb4c8-c969-4758-ba73-1ffdb1cc9e6b
https://jobs.ashbyhq.com/openai,https://jobs.ashbyhq.com/openai/2a45b96f-bf17-4a3a-95ca-be293fec1fd7
https://jobs.ashbyhq.com/openai,https://jobs.ashbyhq.com/openai/3b4ffc44-c818-4ff1-9d1e-d0acf46f1976
https://jobs.ashbyhq.com/openai,https://jobs.ashbyhq.com/openai/40c2a105-e7a2-4f2a-9376-aa75782e668c
https://jobs.ashbyhq.com/openai,https://jobs.ashbyhq.com/openai/ec5a5d98-6314-44d9-9466-8d4d7ee866f6
https://jobs.ashbyhq.com/openai,https://jobs.ashbyhq.com/openai/1906c058-7610-4cf2-b5ed-ae7f4b6a16ca
https://jobs.ashbyhq.com/openai,https://jobs.ashbyhq.com/openai/7e198d81-34e0-48b6-b64e-a501a75f9d53
https://jobs.ashbyhq.com/openai,https://jobs.ashbyhq.com/openai/628c4ccb-9314-4c2d-826a-51ed585cef5e
https://jobs.ashbyhq.com/openai,https://jobs.ashbyhq.com/openai/25d4cedb-62f5-47a4-b506-a637fd529a7e
https://jobs.ashbyhq.com/openai,https://jobs.ashbyhq.com/openai/49a16d46-bf3e-4806-a8af-a0e48c26336c
https://jobs.ashbyhq.com/openai,https://jobs.ashbyhq.com/openai/bf036b23-cd23-46d0-a02f-4b1483f4698a
https://jobs.ashbyhq.com/openai,https://jobs.ashbyhq.com/openai/4df9c3db-a5e6-4c6c-afae-f62434344107
https://jobs.ashbyhq.com/openai,https://jobs.ashbyhq.com/openai/92fae68d-e513-4c48-b8b3-67a9a824925d
https://jobs.ashbyhq.com/openai,https://jobs.ashbyhq.com/openai/bf9f8191-52d5-4334-862b-f2ab1524cdd7
https://jobs.ashbyhq.com/openai,https://jobs.ashbyhq.com/openai/961f6c58-1572-48a8-bb8b-2bffdf82a5cc
https://jobs.ashbyhq.com/openai,https://jobs.ashbyhq.com/openai/55e611d8-b284-458e-908c-baccd091d0c0
https://jobs.ashbyhq.com/openai,https://jobs.ashbyhq.com/openai/c5a99c73-c4c4-4321-a519-e0104dc54747
https://jobs.ashbyhq.com/openai,https://jobs.ashbyhq.com/openai/932c9cc1-c542-4f67-8d0d-443de87b8213
https://jobs.ashbyhq.com/openai,https://jobs.ashbyhq.com/openai/b2c5f3d7-5dfd-45f6-a4fa-fa372f5875a5
https://jobs.ashbyhq.com/openai,https://jobs.ashbyhq.com/openai/bfdef8da-b8cc-49a7-bba8-51ef40c4102b
https://jobs.ashbyhq.com/openai,https://jobs.ashbyhq.com/openai/4349f80b-3518-4e4d-b9eb-3e5e9b490cc7
https://jobs.ashbyhq.com/openai,https://jobs.ashbyhq.com/openai/ec911cb2-6b87-4546-9ec7-6c54a34db84d
https://jobs.ashbyhq.com/openai,https://jobs.ashbyhq.com/openai/ab2a6711-4a2f-46aa-9d1c-f9de243b8845
https://jobs.ashbyhq.com/openai,https://jobs.ashbyhq.com/openai/7809102e-e82a-4678-bf7c-221de8acc0d6
https://jobs.ashbyhq.com/openai,https://jobs.ashbyhq.com/openai/bfffb67e-e4c8-4020-8111-3b3160543071
https://jobs.ashbyhq.com/openai,https://jobs.ashbyhq.com/openai/16aaa47f-596d-4bbd-a02a-b03db3f40c23
https://jobs.ashbyhq.com/openai,https://jobs.ashbyhq.com/openai/9e3b5fda-e2c0-4da5-b0ef-b356a75f2d3c
https://jobs.ashbyhq.com/openai,https://jobs.ashbyhq.com/openai/da07ba71-81fd-47c7-adb1-2b2d1eaed325
https://jobs.ashbyhq.com/openai,https://jobs.ashbyhq.com/openai/3a64da1c-bf29-4e52-baa3-a8f35f16ff74
https://jobs.ashbyhq.com/openai,https://jobs.ashbyhq.com/openai/9e77e103-6b70-4b45-a344-d87c4a2d7e12
https://jobs.ashbyhq.com/openai,https://jobs.ashbyhq.com/openai/472db8e3-37ee-4c62-be3e-a1266869694a
https://jobs.ashbyhq.com/openai,https://jobs.ashbyhq.com/openai/679cc2c7-e153-480b-8b9f-ecb69a19975a
https://jobs.ashbyhq.com/openai,https://jobs.ashbyhq.com/openai/dc17edac-2993-4318-812a-14864c6f4658
https://jobs.ashbyhq.com/openai,https://jobs.ashbyhq.com/openai/72f67cce-7dc8-4e12-a475-9423f2666f0b
https://jobs.ashbyhq.com/openai,https://jobs.ashbyhq.com/openai/ce7d1708-2790-4da5-89df-74024af7cf46
https://jobs.ashbyhq.com/openai,https://jobs.ashbyhq.com/openai/f6c971e8-453f-4fd1-acc8-aa57e8bd4007
https://jobs.ashbyhq.com/openai,https://jobs.ashbyhq.com/openai/a20b7fc6-6f01-4618-ba35-37b40083f93e
https://jobs.ashbyhq.com/openai,https://jobs.ashbyhq.com/openai/0da75470-7e1e-44c3-90df-6f93cf90b968
https://jobs.ashbyhq.com/openai,https://jobs.ashbyhq.com/openai/336f3864-ccbf-44eb-bfc9-8090432a8e6f
https://jobs.ashbyhq.com/openai,https://jobs.ashbyhq.com/openai/ebc9a50a-886c-4169-95c4-7db42acced91
https://jobs.ashbyhq.com/openai,https://jobs.ashbyhq.com/openai/63f7f0b3-ba2c-437b-87ba-ec476729f071
https://jobs.ashbyhq.com/openai,https://jobs.ashbyhq.com/openai/9d75be2c-5327-49b3-a778-157467b87620
https://jobs.ashbyhq.com/openai,https://jobs.ashbyhq.com/openai/c8fc989a-30e3-42e0-babe-fb6bb7a0acd9
https://jobs.ashbyhq.com/openai,https://jobs.ashbyhq.com/openai/52c72cb9-7c44-4cba-b440-e05262a38491
https://jobs.ashbyhq.com/openai,https://jobs.ashbyhq.com/openai/9dfe4c27-84c0-4150-9ebe-8d4f12a95404
https://jobs.ashbyhq.com/openai,https://jobs.ashbyhq.com/openai/71e7252f-abb1-4b74-8e69-318413042357
https://jobs.ashbyhq.com/openai,https://jobs.ashbyhq.com/openai/db3c36dd-883f-4ac2-8b94-855d8293971c
https://jobs.ashbyhq.com/openai,https://jobs.ashbyhq.com/openai/327141d7-a2aa-405b-88c6-90c920594423
https://jobs.ashbyhq.com/openai,https://jobs.ashbyhq.com/openai/12a9208e-b1f9-405e-bce7-105370496d6c
https://jobs.ashbyhq.com/openai,https://jobs.ashbyhq.com/openai/13e00352-db9c-48f7-93b3-ab2953e7ba2f
https://jobs.ashbyhq.com/openai,https://jobs.ashbyhq.com/openai/4042f9ab-2df3-4745-986a-cf2063bd840b
https://jobs.ashbyhq.com/openai,https://jobs.ashbyhq.com/openai/dcfd6980-c363-4499-8444-9a1953240cf2
https://jobs.ashbyhq.com/openai,https://jobs.ashbyhq.com/openai/efed424b-e025-400f-8ac3-73e962b85751
https://jobs.ashbyhq.com/openai,https://jobs.ashbyhq.com/openai/26db60d9-c1c3-4012-a45f-fbefd414423f
https://jobs.ashbyhq.com/openai,https://jobs.ashbyhq.com/openai/56fceb8e-589b-410e-8b21-24f9945ccb9d
https://jobs.ashbyhq.com/openai,https://jobs.ashbyhq.com/openai/60e52bb7-3418-447c-8767-a6bb8e7dedd8
https://jobs.ashbyhq.com/openai,https://jobs.ashbyhq.com/openai/3fc46cbc-7e5a-4edc-96dc-ca433e76d181
https://jobs.ashbyhq.com/openai,https://jobs.ashbyhq.com/openai/b7a2e30f-c5f6-4710-b53e-64d64bcce189
https://jobs.ashbyhq.com/openai,https://jobs.ashbyhq.com/openai/c6c4c2fb-cb2c-45d4-9f7c-e3356cd534d7
https://jobs.ashbyhq.com/openai,https://jobs.ashbyhq.com/openai/f51f750f-a737-4441-8f96-30133a2a8049
https://jobs.ashbyhq.com/openai,https://jobs.ashbyhq.com/openai/f58cb1eb-9642-4a4d-a14d-d7a57d583a11
https://jobs.ashbyhq.com/openai,https://jobs.ashbyhq.com/openai/46703db4-6023-4ac6-93a8-22dc95009945
https://jobs.ashbyhq.com/openai,https://jobs.ashbyhq.com/openai/f956b77c-3cc5-4fdd-9463-2a6e5047e57c
https://jobs.ashbyhq.com/openai,https://jobs.ashbyhq.com/openai/ec9950cb-ccb5-4d2b-b49d-0f6a80b03460
https://jobs.ashbyhq.com/openai,https://jobs.ashbyhq.com/openai/ba2ead69-d118-4a91-a4d7-c880d17fa7f9
https://jobs.ashbyhq.com/openai,https://jobs.ashbyhq.com/openai/d9be9157-c307-4ac4-9aa6-ad2fe7104808
https://jobs.ashbyhq.com/openai,https://jobs.ashbyhq.com/openai/0b24e041-9848-4df3-8289-90efe454d9f5
https://jobs.ashbyhq.com/openai,https://jobs.ashbyhq.com/openai/552396f4-dc83-43de-9230-6301e5f461bd
https://jobs.ashbyhq.com/openai,https://jobs.ashbyhq.com/openai/697696a5-6f62-4898-9629-c31c7857959d
https://jobs.ashbyhq.com/openai,https://jobs.ashbyhq.com/openai/9b11373c-1643-4ea6-bbcd-033d5b8a0d3e
https://jobs.ashbyhq.com/openai,https://jobs.ashbyhq.com/openai/2560ed50-5535-42b8-b069-9ebc28ce7493
https://jobs.ashbyhq.com/openai,https://jobs.ashbyhq.com/openai/45f28142-1f5b-46be-9974-0925ed926a1f
https://jobs.ashbyhq.com/openai,https://jobs.ashbyhq.com/openai/f4e8a433-ae96-44ac-a7f9-97070335395f
https://jobs.ashbyhq.com/openai,https://jobs.ashbyhq.com/openai/c8855563-e744-4fa0-a497-34c8d25d2d76
https://jobs.ashbyhq.com/openai,https://jobs.ashbyhq.com/openai/2710d0c7-8f1c-4e1a-bf7a-4000fc5a8d68
https://jobs.ashbyhq.com/openai,https://jobs.ashbyhq.com/openai/d952e0d3-44e1-464c-a8c8-4b812023cca6
https://jobs.ashbyhq.com/openai,https://jobs.ashbyhq.com/openai/192980b8-b874-4493-a8c1-f7d5660f00f3
https://jobs.ashbyhq.com/openai,https://jobs.ashbyhq.com/openai/a71c177c-d75e-4b2b-b9c0-1b37bfcd9618
https://jobs.ashbyhq.com/openai,https://jobs.ashbyhq.com/openai/5d66a54f-ad89-4155-ac37-9dcd7d52db34
https://jobs.ashbyhq.com/openai,https://jobs.ashbyhq.com/openai/cf83e70e-6949-480f-ad97-df0f22cd0283
https://jobs.ashbyhq.com/openai,https://jobs.ashbyhq.com/openai/daa43488-c4a7-4b3d-b93e-283135c65b2e
https://jobs.ashbyhq.com/openai,https://jobs.ashbyhq.com/openai/3bb3c9f8-78d1-4df5-b47e-235f8ed5cbf9
https://jobs.ashbyhq.com/openai,https://jobs.ashbyhq.com/openai/579e2994-ec43-4869-8ad1-8cda8088f74b
https://jobs.ashbyhq.com/openai,https://jobs.ashbyhq.com/openai/14adce00-7414-40cf-bec2-3871c289a54d
https://jobs.ashbyhq.com/openai,https://jobs.ashbyhq.com/openai/3c67f712-697d-48d8-b05c-01be896e61da
https://jobs.ashbyhq.com/openai,https://jobs.ashbyhq.com/openai/d4548828-191b-4cbf-9fd4-058d16416e49
https://jobs.ashbyhq.com/openai,https://jobs.ashbyhq.com/openai/5547d275-f123-46e1-8695-71fd79a05724
https://jobs.ashbyhq.com/openai,https://jobs.ashbyhq.com/openai/efcc3430-14c8-4022-8350-8146ffb867ab
https://jobs.ashbyhq.com/openai,https://jobs.ashbyhq.com/openai/2757e54a-1b24-4569-aa3b-e3242c110737
https://jobs.ashbyhq.com/openai,https://jobs.ashbyhq.com/openai/3cf7e593-9be4-40cd-afe2-9c1c1fadb54b
https://jobs.ashbyhq.com/openai,https://jobs.ashbyhq.com/openai/7bb3bbd3-50fc-49a9-9b9c-43c1fa2ca05d
https://jobs.ashbyhq.com/openai,https://jobs.ashbyhq.com/openai/1b7c5f3f-9fa6-4492-bc47-2cf5aeaade21
https://jobs.ashbyhq.com/openai,https://jobs.ashbyhq.com/openai/77bc0b3a-35c1-4ecf-99c7-1b3b19d959ca
https://jobs.ashbyhq.com/openai,https://jobs.ashbyhq.com/openai/976939e9-e072-4a24-abdb-84cf29a564c6
https://jobs.ashbyhq.com/openai,https://jobs.ashbyhq.com/openai/212d4e9f-ac64-44c2-acff-604ad57f1332
https://jobs.ashbyhq.com/openai,https://jobs.ashbyhq.com/openai/9148a023-9b50-4b9c-87f0-5ef32fd6cec9
https://jobs.ashbyhq.com/openai,https://jobs.ashbyhq.com/openai/52a7bdd8-3e03-4164-8b9b-78b0adcce2ab
https://jobs.ashbyhq.com/openai,https://jobs.ashbyhq.com/openai/b702919c-6de5-4f42-8810-29c746bab89e
https://jobs.ashbyhq.com/openai,https://jobs.ashbyhq.com/openai/ca7b3ef5-19f5-44c5-9a74-1415327ddc94
https://jobs.ashbyhq.com/openai,https://jobs.ashbyhq.com/openai/c56d195f-75d8-4c51-b951-b76caa0d8760
https://jobs.ashbyhq.com/openai,https://jobs.ashbyhq.com/openai/fc5bbc77-a30c-4e7a-9acc-8a2e748545b4
https://jobs.ashbyhq.com/openai,https://jobs.ashbyhq.com/openai/6202038a-323b-43ce-ae10-534acba4145c
https://jobs.ashbyhq.com/openai,https://jobs.ashbyhq.com/openai/2b5e8e15-7952-4170-a927-2ad68e318ed6
https://jobs.ashbyhq.com/openai,https://jobs.ashbyhq.com/openai/9685eb6d-8276-4111-be8c-fd1277ad4555
https://jobs.ashbyhq.com/openai,https://jobs.ashbyhq.com/openai/d134caf2-907c-4c85-be2d-fad477d2b425
https://jobs.ashbyhq.com/openai,https://jobs.ashbyhq.com/openai/50aab80a-fa60-4fcc-882d-18ea76db5f11
https://jobs.ashbyhq.com/openai,https://jobs.ashbyhq.com/openai/17e31e56-418a-43bb-a72a-1b935dc71e29
https://jobs.ashbyhq.com/openai,https://jobs.ashbyhq.com/openai/d4e8f24e-1719-46bf-9f85-f41008334d89
https://jobs.ashbyhq.com/openai,https://jobs.ashbyhq.com/openai/07d62dc2-9bbc-4149-ba43-d4ab748a21f4
https://jobs.ashbyhq.com/openai,https://jobs.ashbyhq.com/openai/8c5c9ac9-6e56-4f91-a49b-f980fb028331
https://jobs.ashbyhq.com/openai,https://jobs.ashbyhq.com/openai/3ce0949d-b028-44f1-983c-446bb7bb1881
https://jobs.ashbyhq.com/openai,https://jobs.ashbyhq.com/openai/d7efc55b-2fde-4d3f-ae34-2e467f02a57c
https://jobs.ashbyhq.com/openai,https://jobs.ashbyhq.com/openai/3d8c184d-d9a9-40aa-94d0-548d93585ff8
https://jobs.ashbyhq.com/openai,https://jobs.ashbyhq.com/openai/d8794980-1d3f-4d82-8b48-811449b6c492
https://jobs.ashbyhq.com/openai,https://jobs.ashbyhq.com/openai/87307898-5387-48c8-9037-2812e39b64c9
https://jobs.ashbyhq.com/openai,https://jobs.ashbyhq.com/openai/58a04a52-68d8-478c-a32f-7ce6125cb7c0
https://jobs.ashbyhq.com/openai,https://jobs.ashbyhq.com/openai/373f1bd1-22cb-4b7e-ab2f-a1f5e7bff438
https://jobs.ashbyhq.com/openai,https://jobs.ashbyhq.com/openai/7613aca3-9dd8-41cd-b114-06ef4de967a9
https://jobs.ashbyhq.com/openai,https://jobs.ashbyhq.com/openai/b1f8c55e-928b-4a3a-a54a-a23e87ccf387
https://jobs.ashbyhq.com/openai,https://jobs.ashbyhq.com/openai/29dc246a-2240-4843-8050-463c8ecc726a
https://jobs.ashbyhq.com/openai,https://jobs.ashbyhq.com/openai/736100a6-e4c2-4522-a562-bcc56494b9a2
https://jobs.ashbyhq.com/openai,https://jobs.ashbyhq.com/openai/65780e7c-6cbd-4e01-a437-2142363d855d
https://jobs.ashbyhq.com/openai,https://jobs.ashbyhq.com/openai/3774fa87-d8f9-4305-a4a8-5af2285eb022
https://jobs.ashbyhq.com/openai,https://jobs.ashbyhq.com/openai/548fb239-b14d-4ab6-af38-05a84ac0914e
https://jobs.ashbyhq.com/openai,https://jobs.ashbyhq.com/openai/28cd6fe2-4096-426b-8b08-52a66458e2c6
https://jobs.ashbyhq.com/openai,https://jobs.ashbyhq.com/openai/059ac93e-3fc9-42e9-a4f4-367c0fd5de14
https://jobs.ashbyhq.com/openai,https://jobs.ashbyhq.com/openai/16f26191-0d7e-45a8-addb-11455a1ab325
https://jobs.ashbyhq.com/openai,https://jobs.ashbyhq.com/openai/2f4ded22-dcc4-4e2c-94be-ca824071a7b7
https://jobs.ashbyhq.com/openai,https://jobs.ashbyhq.com/openai/28c34712-6818-47fb-a4de-de9201ddc86f
https://jobs.ashbyhq.com/openai,https://jobs.ashbyhq.com/openai/13fc0b60-f322-4821-82c1-4327a725b563
https://jobs.ashbyhq.com/openai,https://jobs.ashbyhq.com/openai/6b49caad-975f-4126-b02e-c8fb7bfe0e29
https://jobs.ashbyhq.com/openai,https://jobs.ashbyhq.com/openai/3d0e6ca4-e5f0-4730-a8ea-200db7e274a3
https://jobs.ashbyhq.com/openai,https://jobs.ashbyhq.com/openai/20d85859-8f7e-4e13-a992-b801a34780e5
https://jobs.ashbyhq.com/openai,https://jobs.ashbyhq.com/openai/04ef9318-32fc-47df-a163-452569e13b58
https://jobs.ashbyhq.com/openai,https://jobs.ashbyhq.com/openai/0bee7554-39fa-4105-9bbc-0dad419ffa91
https://jobs.ashbyhq.com/openai,https://jobs.ashbyhq.com/openai/13a9e4e4-505b-4545-8b2b-b0bcc09c2b4f
https://jobs.ashbyhq.com/openai,https://jobs.ashbyhq.com/openai/e6c4ae02-e467-4b93-9d77-bc64586a99d8
https://jobs.ashbyhq.com/openai,https://jobs.ashbyhq.com/openai/1f3353ed-78eb-4a01-b783-c44b1c086711
https://jobs.ashbyhq.com/openai,https://jobs.ashbyhq.com/openai/eb14c790-04db-4415-952c-0a237afc90d8
https://jobs.ashbyhq.com/openai,https://jobs.ashbyhq.com/openai/9c6be49a-b970-4bdd-8f60-627a4a153c56
https://jobs.ashbyhq.com/openai,https://jobs.ashbyhq.com/openai/65913e57-80e0-4a1a-bbc3-265ae8a1a41b
https://jobs.ashbyhq.com/openai,https://jobs.ashbyhq.com/openai/295506f0-c4f7-4890-af93-08d4384a3330
https://jobs.ashbyhq.com/openai,https://jobs.ashbyhq.com/openai/b8a12f51-9d6c-4c48-97ef-e44882c0a44a
https://jobs.ashbyhq.com/openai,https://jobs.ashbyhq.com/openai/c1316397-25bb-4add-9e9d-0e3ea8ba929a
https://jobs.ashbyhq.com/openai,https://jobs.ashbyhq.com/openai/979b4845-e6d6-4887-a8fb-8a8c72707ead
https://jobs.ashbyhq.com/openai,https://jobs.ashbyhq.com/openai/1c516e9f-c97d-4a40-8529-9871dac615a5
https://jobs.ashbyhq.com/openai,https://jobs.ashbyhq.com/openai/770d5c3f-4e72-4b49-aec4-d444e8ad7a64
https://jobs.ashbyhq.com/openai,https://jobs.ashbyhq.com/openai/888ad3a1-d534-4f3a-9464-e351ea64fd8b
https://jobs.ashbyhq.com/openai,https://jobs.ashbyhq.com/openai/4f4221ef-f2bc-4dc1-9086-69ba126e4903
https://jobs.ashbyhq.com/openai,https://jobs.ashbyhq.com/openai/d5c919fc-260e-44c4-b133-1afb93c40186
https://jobs.ashbyhq.com/openai,https://jobs.ashbyhq.com/openai/2b4aa186-a90c-4e6c-a544-5f2cc8558525
https://jobs.ashbyhq.com/openai,https://jobs.ashbyhq.com/openai/d44bec7c-30ee-4db8-8d08-63a78c947484
https://jobs.ashbyhq.com/openai,https://jobs.ashbyhq.com/openai/823a05bf-33fb-4d94-9dd8-571723d27b1a
https://jobs.ashbyhq.com/openai,https://jobs.ashbyhq.com/openai/f9b7d572-9cd9-4998-82a7-cb6513c7f045
https://jobs.ashbyhq.com/openai,https://jobs.ashbyhq.com/openai/2d8b30c7-afa3-42ca-b315-ead35e8457ab
https://jobs.ashbyhq.com/openai,https://jobs.ashbyhq.com/openai/d085d2ec-0256-4ecf-b493-81ea34942e51
https://jobs.ashbyhq.com/openai,https://jobs.ashbyhq.com/openai/9c55e073-886d-466a-86a3-435a291e19d2
https://jobs.ashbyhq.com/openai,https://jobs.ashbyhq.com/openai/ad46036c-7121-4e25-a54e-6062ada4c117
https://jobs.ashbyhq.com/openai,https://jobs.ashbyhq.com/openai/720b6d72-0c98-4acc-ab75-d67dd36fbccf
https://jobs.ashbyhq.com/openai,https://jobs.ashbyhq.com/openai/d2bcf864-78b7-4117-bd7a-971970f0e5a8
https://jobs.ashbyhq.com/openai,https://jobs.ashbyhq.com/openai/47048627-427e-4566-b349-847e52a5def1
https://jobs.ashbyhq.com/openai,https://jobs.ashbyhq.com/openai/71004494-9a55-4ed5-b458-2ff475f0d881
https://jobs.ashbyhq.com/openai,https://jobs.ashbyhq.com/openai/3fd0ca32-e787-437d-985a-b9f7e3299ef4
https://jobs.ashbyhq.com/openai,https://jobs.ashbyhq.com/openai/3d064454-c0c3-4225-bc2c-6d8c0f8735b2
https://jobs.ashbyhq.com/openai,https://jobs.ashbyhq.com/openai/19e41298-3559-4151-afd3-d3e465472fe8
https://jobs.ashbyhq.com/openai,https://jobs.ashbyhq.com/openai/f84dbb5c-6008-40f1-b388-1434d159d4a4
https://jobs.ashbyhq.com/openai,https://jobs.ashbyhq.com/openai/29c2528d-7723-4d3a-ab1f-1f9a519aae9d
https://jobs.ashbyhq.com/openai,https://jobs.ashbyhq.com/openai/91f29c3e-2e2a-44db-bdcd-de808c30e004
https://jobs.ashbyhq.com/openai,https://jobs.ashbyhq.com/openai/2c9d0566-69b1-435e-bd8f-4eefc04dd076
https://jobs.ashbyhq.com/openai,https://jobs.ashbyhq.com/openai/46cd47bc-d4de-4826-aa2e-8b2e0da3c409
https://jobs.ashbyhq.com/openai,https://jobs.ashbyhq.com/openai/e9bea775-7eb6-438a-ab96-27d5f941e69d
https://jobs.ashbyhq.com/openai,https://jobs.ashbyhq.com/openai/a886ff48-b8a1-4e28-b468-296713a5ad78
https://jobs.ashbyhq.com/openai,https://jobs.ashbyhq.com/openai/70c63d7a-df6f-48f0-b529-f02221e3dc23
https://jobs.ashbyhq.com/openai,https://jobs.ashbyhq.com/openai/71acba5c-dbae-406f-b983-f40943c43068
https://jobs.ashbyhq.com/openai,https://jobs.ashbyhq.com/openai/e253cfa4-bf03-44d5-b2cb-12a7ecc6f44a
https://jobs.ashbyhq.com/openai,https://jobs.ashbyhq.com/openai/c431b01d-6afe-44b5-b5f5-5f768ba1a434
https://jobs.ashbyhq.com/openai,https://jobs.ashbyhq.com/openai/1ecf3030-9788-431a-b3f9-c7a4e4a0c1b1
https://jobs.ashbyhq.com/openai,https://jobs.ashbyhq.com/openai/20f525b7-f958-4c95-a055-f914ab3adb95
https://jobs.ashbyhq.com/openai,https://jobs.ashbyhq.com/openai/06f620ea-4160-4f94-b87d-ee1d89e1fce4
https://jobs.ashbyhq.com/openai,https://jobs.ashbyhq.com/openai/76c91816-db8a-42fc-85e9-a3073534a31a
https://jobs.ashbyhq.com/openai,https://jobs.ashbyhq.com/openai/51b17595-3a70-43be-a333-3a3952303284
https://jobs.ashbyhq.com/openai,https://jobs.ashbyhq.com/openai/ad06299f-d4e2-4de6-a925-b2e94b3c1d0b
https://jobs.ashbyhq.com/openai,https://jobs.ashbyhq.com/openai/97507b0b-1d56-4801-ab20-4f22fe221593
https://jobs.ashbyhq.com/openai,https://jobs.ashbyhq.com/openai/5a4ba7cb-4ba2-41d3-8e02-840617a0f571
https://jobs.ashbyhq.com/openai,https://jobs.ashbyhq.com/openai/19b9af1a-6a6e-42e3-824b-a9f3794fef2b
https://jobs.ashbyhq.com/openai,https://jobs.ashbyhq.com/openai/c44268f1-717b-4da3-9943-2557f7d739f0
https://jobs.ashbyhq.com/openai,https://jobs.ashbyhq.com/openai/03e9c605-5b93-4589-888d-959a8071b9be
https://jobs.ashbyhq.com/openai,https://jobs.ashbyhq.com/openai/3a415c1d-4f66-4578-8eb3-8b15ef0ab52b
https://jobs.ashbyhq.com/openai,https://jobs.ashbyhq.com/openai/806ddc92-8b5b-4339-a830-eb4378b4e146
https://jobs.ashbyhq.com/openai,https://jobs.ashbyhq.com/openai/782db0f6-a03d-4f9f-9eb2-191831b37939
https://jobs.ashbyhq.com/openai,https://jobs.ashbyhq.com/openai/09d97355-0437-4054-8604-73920c0beb1a
https://jobs.ashbyhq.com/openai,https://jobs.ashbyhq.com/openai/31b998a9-f62a-439e-89e4-b51aea6311f7
https://jobs.ashbyhq.com/openai,https://jobs.ashbyhq.com/openai/31f19fa3-d8c1-4db2-b336-ab046f9cde41
https://jobs.ashbyhq.com/openai,https://jobs.ashbyhq.com/openai/fe610436-998c-4797-a565-e2eb8bb73a79
https://jobs.ashbyhq.com/openai,https://jobs.ashbyhq.com/openai/8e146ecb-2bc4-406e-843d-b4b5a8dc09ef
https://jobs.ashbyhq.com/openai,https://jobs.ashbyhq.com/openai/bb97fffc-cdda-43a3-a6bc-234f9c031720
https://jobs.ashbyhq.com/openai,https://jobs.ashbyhq.com/openai/57015fe7-642a-40a4-8c09-0afe2afaba7a
https://jobs.ashbyhq.com/openai,https://jobs.ashbyhq.com/openai/65beff67-9163-42e8-85ca-884ac8fb9a04
https://jobs.ashbyhq.com/openai,https://jobs.ashbyhq.com/openai/8cf573f3-2268-44f7-8068-f2e60af5fc69
https://jobs.ashbyhq.com/openai,https://jobs.ashbyhq.com/openai/97a7eeae-9625-4d00-874f-e50131f98369
https://jobs.ashbyhq.com/openai,https://jobs.ashbyhq.com/openai/e6df42d0-6789-459e-b77b-62d7c5fd78da
https://jobs.ashbyhq.com/openai,https://jobs.ashbyhq.com/openai/8ec4cda9-b98e-489b-add5-ebbba53be0aa
https://jobs.ashbyhq.com/openai,https://jobs.ashbyhq.com/openai/a90cdb7c-1c33-4fca-9a96-26c236006f14
https://jobs.ashbyhq.com/openai,https://jobs.ashbyhq.com/openai/97d3670c-e75a-4bb2-a235-171765f5f10e
https://jobs.ashbyhq.com/openai,https://jobs.ashbyhq.com/openai/f735a48e-c3c2-4387-abf7-7b39452e1ec5
https://jobs.ashbyhq.com/openai,https://jobs.ashbyhq.com/openai/be4e1098-f7ac-46f4-babe-44ef08f47fcb
https://jobs.ashbyhq.com/openai,https://jobs.ashbyhq.com/openai/2ce31dca-6a6b-4bc3-abab-9b7ed5ba92d5
https://jobs.ashbyhq.com/openai,https://jobs.ashbyhq.com/openai/1bb1f351-41a2-43a5-bac1-259859886cb3
https://jobs.ashbyhq.com/openai,https://jobs.ashbyhq.com/openai/a7a326e7-6718-42ab-a4d8-b16d5021c99b
https://jobs.ashbyhq.com/openai,https://jobs.ashbyhq.com/openai/1f0c173f-b4e2-4718-b8db-06699cacc4a0
https://jobs.ashbyhq.com/openai,https://jobs.ashbyhq.com/openai/4a2ed3a8-790d-470b-81fb-9e256cc87250
https://jobs.ashbyhq.com/openai,https://jobs.ashbyhq.com/openai/f1a78938-7731-43a6-9a8b-13ce00e83e1b
https://jobs.ashbyhq.com/openai,https://jobs.ashbyhq.com/openai/23b158fe-709e-4bf5-856c-d10953d32f60
https://jobs.ashbyhq.com/openai,https://jobs.ashbyhq.com/openai/110d820b-fcbe-4f02-9203-5b6145132e60
https://jobs.ashbyhq.com/openai,https://jobs.ashbyhq.com/openai/e45e0ff2-12f1-4c12-a4a3-c93406dad33f
https://jobs.ashbyhq.com/openai,https://jobs.ashbyhq.com/openai/05223b5a-5ff1-4fe7-9f97-4ef7fc68b8ef
https://jobs.ashbyhq.com/openai,https://jobs.ashbyhq.com/openai/50de923c-4c0b-446e-b3c3-8945bdc2d79d
https://jobs.ashbyhq.com/openai,https://jobs.ashbyhq.com/openai/73c6e8aa-968a-4f7d-b87f-718aa0b3e82b
https://jobs.ashbyhq.com/openai,https://jobs.ashbyhq.com/openai/323d49c1-ceaa-4d65-9ff1-3d53f3fc00ab
https://jobs.ashbyhq.com/openai,https://jobs.ashbyhq.com/openai/3c2d1178-777f-4613-a084-75a3d37cd1af
https://jobs.ashbyhq.com/openai,https://jobs.ashbyhq.com/openai/44bfed8b-dd34-40c9-a807-67637b9d4335
https://jobs.ashbyhq.com/openai,https://jobs.ashbyhq.com/openai/8b668bf3-203c-4996-80c7-dd676e48a425
https://jobs.ashbyhq.com/openai,https://jobs.ashbyhq.com/openai/ffc3f648-a39d-4403-ad16-e8d38c88d572
https://jobs.ashbyhq.com/openai,https://jobs.ashbyhq.com/openai/c1d499bd-c1e3-47fc-b5dc-110b0ae365cd
https://jobs.ashbyhq.com/openai,https://jobs.ashbyhq.com/openai/9bdb319d-2a6f-45df-8ceb-68140ed56865
https://jobs.ashbyhq.com/openai,https://jobs.ashbyhq.com/openai/eb54b316-26fb-498f-a68c-9990ff9c402c
https://jobs.ashbyhq.com/openai,https://jobs.ashbyhq.com/openai/a58add97-1968-4d5c-b504-ab62bea12df3
https://jobs.ashbyhq.com/openai,https://jobs.ashbyhq.com/openai/cb9280db-df39-4c88-b411-5fdf149a6e52
https://jobs.ashbyhq.com/openai,https://jobs.ashbyhq.com/openai/9b8b0edd-89e3-43d2-8b34-65df8e55ca79
https://jobs.ashbyhq.com/openai,https://jobs.ashbyhq.com/openai/07153f7c-7e8b-4283-a879-cb07a224e083
https://jobs.ashbyhq.com/openai,https://jobs.ashbyhq.com/openai/8a1b804f-b070-4c61-bd3d-cdf39ef9d935
https://jobs.ashbyhq.com/openai,https://jobs.ashbyhq.com/openai/b81abca2-c7ce-470f-9889-e7c54b538b33
https://jobs.ashbyhq.com/openai,https://jobs.ashbyhq.com/openai/8b2e1585-dbcc-4739-9dc5-3980697d6659
https://jobs.ashbyhq.com/openai,https://jobs.ashbyhq.com/openai/830231e1-4e00-4714-8e0b-963364d7318f
https://jobs.ashbyhq.com/openai,https://jobs.ashbyhq.com/openai/3728b144-f640-42be-84af-94f6b0743d7c
https://jobs.ashbyhq.com/openai,https://jobs.ashbyhq.com/openai/c00094f9-e071-4870-afec-104beb3ce499
https://jobs.ashbyhq.com/openai,https://jobs.ashbyhq.com/openai/bc40de6b-6dbc-49ce-9fc4-d9728baa1ec6
https://jobs.ashbyhq.com/openai,https://jobs.ashbyhq.com/openai/c02b35b2-af37-4740-a702-2ed3b5dc3cf1
https://jobs.ashbyhq.com/openai,https://jobs.ashbyhq.com/openai/ed35af5d-0bb2-457a-bbeb-ca04a1412d0e
https://jobs.ashbyhq.com/openai,https://jobs.ashbyhq.com/openai/dcce3eec-5d2e-48fb-beff-ab1c24bc3469
https://jobs.ashbyhq.com/openai,https://jobs.ashbyhq.com/openai/2004c873-d6e3-41b7-96e2-12fd9faec7a4
https://jobs.ashbyhq.com/openai,https://jobs.ashbyhq.com/openai/7cd8205b-fd73-4af1-9103-1b1fed3b0c22
https://jobs.ashbyhq.com/openai,https://jobs.ashbyhq.com/openai/988016e1-de50-42be-925a-438b97291c5d
https://jobs.ashbyhq.com/openai,https://jobs.ashbyhq.com/openai/3fefc615-6950-4a29-9214-eefdc4e659e3
https://jobs.ashbyhq.com/openai,https://jobs.ashbyhq.com/openai/c1c8b058-2f0d-4192-8a9e-c21d0f24952c
https://jobs.ashbyhq.com/openai,https://jobs.ashbyhq.com/openai/176b9de4-a5cf-4655-987c-872da1f5fe57
https://jobs.ashbyhq.com/openai,https://jobs.ashbyhq.com/openai/65fd56aa-ed36-4e66-9c3e-85551248581d
https://jobs.ashbyhq.com/openai,https://jobs.ashbyhq.com/openai/2f1c59a8-570b-4192-9b5b-422f1a632cb6
https://jobs.ashbyhq.com/openai,https://jobs.ashbyhq.com/openai/1f179760-8bfd-477c-a5dd-16d465d40307
https://jobs.ashbyhq.com/openai,https://jobs.ashbyhq.com/openai/fa13cf3a-bee8-43d4-8136-cfd0e9751cbf
https://jobs.ashbyhq.com/openai,https://jobs.ashbyhq.com/openai/39cd0dd8-520d-4932-80bf-7495a1d1d11b
https://jobs.ashbyhq.com/openai,https://jobs.ashbyhq.com/openai/71be2278-c6e4-47e3-bee3-b23cf161a84e
https://jobs.ashbyhq.com/openai,https://jobs.ashbyhq.com/openai/12ae9cf8-54e8-40fb-aba4-1f737ce68052
https://jobs.ashbyhq.com/openai,https://jobs.ashbyhq.com/openai/25920df6-571d-4e05-aa12-384453f406f8
https://jobs.ashbyhq.com/openai,https://jobs.ashbyhq.com/openai/b40efa93-da3c-4593-bc98-03d203cd0488
